-- phpMyAdmin SQL Dump
-- version 4.0.4.1
-- http://www.phpmyadmin.net
--
-- Servidor: 127.0.0.1
-- Tiempo de generación: 28-03-2016 a las 20:19:18
-- Versión del servidor: 5.6.11
-- Versión de PHP: 5.5.3

SET SQL_MODE = "NO_AUTO_VALUE_ON_ZERO";
SET time_zone = "+00:00";


/*!40101 SET @OLD_CHARACTER_SET_CLIENT=@@CHARACTER_SET_CLIENT */;
/*!40101 SET @OLD_CHARACTER_SET_RESULTS=@@CHARACTER_SET_RESULTS */;
/*!40101 SET @OLD_COLLATION_CONNECTION=@@COLLATION_CONNECTION */;
/*!40101 SET NAMES utf8 */;

--
-- Base de datos: `stieiibd`
--
CREATE DATABASE IF NOT EXISTS `stieiibd` DEFAULT CHARACTER SET latin1 COLLATE latin1_swedish_ci;
USE `stieiibd`;

-- --------------------------------------------------------

--
-- Estructura de tabla para la tabla `administrador`
--

CREATE TABLE IF NOT EXISTS `administrador` (
  `idAdmin` int(11) NOT NULL,
  `usuarioAdmin` int(11) NOT NULL,
  PRIMARY KEY (`idAdmin`),
  KEY `idAdmin` (`usuarioAdmin`)
) ENGINE=InnoDB DEFAULT CHARSET=latin1;

--
-- Volcado de datos para la tabla `administrador`
--

INSERT INTO `administrador` (`idAdmin`, `usuarioAdmin`) VALUES
(1, 1),
(2, 2),
(3, 5),
(4, 6),
(6, 8),
(7, 9),
(8, 10),
(9, 13),
(12, 21),
(13, 23);

--
-- Disparadores `administrador`
--
DROP TRIGGER IF EXISTS `trggBeforeInsertAdministrador`;
DELIMITER //
CREATE TRIGGER `trggBeforeInsertAdministrador` BEFORE INSERT ON `administrador`
 FOR EACH ROW begin
set @ultimoCodigo=(select max(idAdmin) from administrador);
if @ultimoCodigo is null then
	set @ultimoCodigo=0;
end if;
set @codigo=(@ultimoCodigo)+1;
set NEW.idAdmin=(select @codigo);
end
//
DELIMITER ;

-- --------------------------------------------------------

--
-- Estructura de tabla para la tabla `concepto`
--

CREATE TABLE IF NOT EXISTS `concepto` (
  `idConcepto` int(11) NOT NULL,
  `nombreConcepto` varchar(100) NOT NULL,
  `traduccion` varchar(100) NOT NULL,
  `descripcion` varchar(100) DEFAULT NULL,
  `estado` tinyint(1) NOT NULL,
  `tema` int(11) NOT NULL,
  PRIMARY KEY (`idConcepto`),
  KEY `idTema` (`tema`)
) ENGINE=InnoDB DEFAULT CHARSET=latin1;

--
-- Volcado de datos para la tabla `concepto`
--

INSERT INTO `concepto` (`idConcepto`, `nombreConcepto`, `traduccion`, `descripcion`, `estado`, `tema`) VALUES
(1, 'sister', 'hermana', 'sdfawe', 1, 2),
(4, 'brother', 'hermano', 'aefaw', 1, 2),
(5, 'Family Vocabulary', 'TODO', 'VOCABULARY', 1, 2);

--
-- Disparadores `concepto`
--
DROP TRIGGER IF EXISTS `trggBeforeInsertConcepto`;
DELIMITER //
CREATE TRIGGER `trggBeforeInsertConcepto` BEFORE INSERT ON `concepto`
 FOR EACH ROW begin

set @ultimoCodigo=(select max(idConcepto) from concepto);
if @ultimoCodigo is null then
	set @ultimoCodigo=0;
end if;
set @codigo=(@ultimoCodigo)+1;
set NEW.idConcepto=(select @codigo);
end
//
DELIMITER ;

-- --------------------------------------------------------

--
-- Estructura de tabla para la tabla `entrenamiento`
--

CREATE TABLE IF NOT EXISTS `entrenamiento` (
  `idEntrena` int(11) NOT NULL,
  `idestudiante` int(11) NOT NULL,
  `idtema` int(11) NOT NULL,
  `error` int(11) NOT NULL,
  `tiempo` int(11) NOT NULL,
  `puntaje` int(11) NOT NULL,
  `resultadoredn` varchar(50) NOT NULL,
  `nivel` varchar(45) NOT NULL,
  `fecha` datetime NOT NULL,
  PRIMARY KEY (`idEntrena`),
  KEY `idestudiante` (`idestudiante`),
  KEY `idtema` (`idtema`)
) ENGINE=InnoDB DEFAULT CHARSET=latin1;

--
-- Volcado de datos para la tabla `entrenamiento`
--

INSERT INTO `entrenamiento` (`idEntrena`, `idestudiante`, `idtema`, `error`, `tiempo`, `puntaje`, `resultadoredn`, `nivel`, `fecha`) VALUES
(1, 3, 3, 2, 418, 550, 'Subir Puntaje y disminuir Tiempo', 'facil', '2015-12-14 09:30:13'),
(2, 4, 2, 0, 552, 1250, 'Disminuir Tiempo', 'medio', '2015-12-14 09:31:45'),
(3, 5, 2, 6, 400, 200, 'Ponle mas Empeño', 'facil', '2015-12-14 09:37:58'),
(4, 6, 2, 0, 312, 1250, 'Disminuir Tiempo', 'medio', '2015-12-14 09:42:05'),
(5, 7, 4, 4, 256, 850, 'Disminuir Errores y tiempo', 'facil', '2015-12-14 09:45:40'),
(6, 9, 3, 4, 189, 650, 'Subir Puntaje y disminuir Errores', 'facil', '2015-12-14 09:49:09'),
(7, 8, 5, 3, 235, 650, 'Subir Puntaje', 'facil', '2015-12-14 09:49:13'),
(8, 10, 3, 4, 237, 450, 'Subir Puntaje y disminuir Errores', 'facil', '2015-12-14 09:52:49'),
(9, 11, 5, 4, 215, 450, 'Subir Puntaje y disminuir Errores', 'facil', '2015-12-14 09:55:02'),
(10, 12, 6, 1, 560, 1050, 'Disminuir Tiempo', 'medio', '2015-12-14 09:56:02'),
(11, 13, 5, 1, 561, 1050, 'Disminuir Tiempo', 'medio', '2015-12-14 10:01:04'),
(12, 10, 3, 4, 307, 350, 'Ponle mas Empeño', 'facil', '2015-12-15 11:38:28'),
(13, 11, 4, 4, 143, 650, 'Subir Puntaje y disminuir Errores', 'facil', '2015-12-15 11:41:54'),
(14, 12, 4, 3, 249, 650, 'Subir Puntaje y disminuir Tiempo', 'facil', '2015-12-15 11:41:54'),
(15, 13, 6, 0, 249, 1250, 'Disminuir Tiempo', 'medio', '2015-12-15 11:49:54'),
(16, 3, 4, 5, 296, 350, 'Ponle mas Empeño', 'facil', '2015-12-15 11:50:27'),
(17, 4, 5, 2, 346, 850, 'Subir Puntaje y disminuir Tiempo', 'facil', '2015-12-15 11:51:51'),
(18, 8, 4, 4, 240, 650, 'Ponle mas Empeño', 'facil', '2015-12-15 11:54:44'),
(19, 9, 3, 2, 220, 1250, 'Excelente ha aprendido', 'dificil', '2015-12-15 11:54:56'),
(20, 5, 3, 2, 377, 950, 'Disminuir Tiempo', 'facil', '2015-12-15 11:56:18'),
(21, 6, 4, 1, 291, 1050, 'Disminuir Tiempo', 'medio', '2015-12-15 11:58:20'),
(22, 7, 5, 4, 208, 800, 'Subir Puntaje y disminuir Errores', 'facil', '2015-12-15 11:59:04'),
(23, 3, 3, 2, 227, 850, 'Excelente ha aprendido', 'medio', '2015-12-16 11:34:15'),
(24, 4, 6, 3, 324, 650, 'Subir Puntaje y disminuir Tiempo', 'facil', '2015-12-16 11:35:16'),
(25, 5, 3, 2, 200, 850, 'Excelente ha aprendido', 'medio', '2015-12-16 11:40:38'),
(26, 7, 6, 1, 123, 1050, 'Excelente ha aprendido', 'medio', '2015-12-16 11:45:53'),
(27, 6, 3, 4, 194, 850, 'Disminuir Errores', 'facil', '2015-12-16 11:49:39'),
(28, 8, 2, 1, 171, 1050, 'Excelente ha aprendido', 'medio', '2015-12-16 11:54:27'),
(29, 9, 4, 4, 238, 800, 'Subir Puntaje y disminuir Errores', 'facil', '2015-12-16 11:59:56'),
(30, 10, 3, 4, 232, 650, 'Subir Puntaje y disminuir Errores', 'facil', '2015-12-16 12:03:58'),
(31, 11, 3, 1, 134, 1050, 'Excelente ha aprendido', 'medio', '2015-12-16 12:04:57'),
(32, 12, 3, 4, 340, 850, 'Disminuir Errores y tiempo', 'facil', '2015-12-16 12:09:58'),
(33, 13, 2, 0, 274, 1250, 'Disminuir Tiempo', 'medio', '2015-12-16 12:13:54'),
(34, 3, 3, 6, 252, 350, 'Ponle mas Empeño', 'facil', '2015-12-17 11:34:24'),
(35, 4, 3, 7, 240, 200, 'Ponle mas Empeño', 'facil', '2015-12-17 11:35:12'),
(36, 5, 3, 3, 230, 1150, 'Excelente ha aprendido', 'dificil', '2015-12-17 11:44:42'),
(37, 6, 5, 3, 217, 650, 'Subir Puntaje', 'facil', '2015-12-17 11:45:20'),
(38, 7, 4, 4, 143, 850, 'Disminuir Errores', 'facil', '2015-12-17 11:49:53'),
(39, 9, 3, 2, 153, 850, 'Excelente ha aprendido', 'medio', '2015-12-17 11:52:07'),
(40, 8, 3, 2, 120, 550, 'Subir Puntaje', 'facil', '2015-12-17 12:01:54'),
(41, 10, 3, 4, 215, 800, 'Subir Puntaje y disminuir Errores', 'facil', '2015-12-17 12:05:12'),
(42, 11, 2, 2, 118, 550, 'Subir Puntaje', 'facil', '2015-12-17 12:09:43'),
(43, 12, 3, 2, 230, 750, 'Subir Puntaje', 'facil', '2015-12-17 12:11:12'),
(44, 13, 3, 3, 160, 650, 'Subir Puntaje', 'facil', '2015-12-17 12:15:14'),
(45, 9, 3, 2, 189, 1400, 'Excelente ha aprendido', 'dificil', '2015-12-18 11:24:56'),
(46, 4, 6, 1, 163, 1050, 'Excelente ha aprendido', 'medio', '2015-12-18 11:46:20'),
(47, 3, 4, 1, 157, 1050, 'Excelente ha aprendido', 'medio', '2015-12-18 11:54:14'),
(48, 5, 4, 2, 157, 850, 'Disminuir Errores', 'facil', '2015-12-18 11:57:01'),
(49, 7, 3, 0, 196, 1250, 'Excelente ha aprendido', 'medio', '2015-12-18 11:57:27'),
(50, 6, 4, 2, 153, 1250, 'Excelente ha aprendido', 'dificil', '2015-12-18 11:59:01'),
(51, 10, 3, 2, 234, 950, 'Excelente ha aprendido', 'medio', '2015-12-18 12:00:18'),
(52, 11, 6, 1, 118, 1050, 'Excelente ha aprendido', 'medio', '2015-12-18 12:03:26'),
(53, 8, 2, 2, 141, 1250, 'Excelente ha aprendido', 'dificil', '2015-12-18 12:10:31'),
(54, 12, 3, 2, 228, 850, 'Excelente ha aprendido', 'medio', '2015-12-18 12:13:26'),
(55, 13, 5, 0, 130, 1650, 'Excelente ha aprendido', 'dificil', '2015-12-18 12:17:26'),
(56, 1, 2, 2, 1545, 750, 'Subir Puntaje y disminuir Tiempo', 'facil', '2016-01-21 11:16:42'),
(57, 1, 2, 2, 55, 950, 'Excelente ha aprendido', 'medio', '2016-01-22 13:57:24'),
(58, 1, 2, 9, 47, 0, 'Subir Puntaje y disminuir Errores', 'medio', '2016-01-22 14:42:56'),
(59, 1, 2, 8, 24, 100, 'Subir Puntaje y disminuir Errores', 'medio', '2016-01-22 14:52:35'),
(60, 1, 3, 8, 23, 100, 'Subir Puntaje y disminuir Errores', 'facil', '2016-01-22 14:56:12'),
(61, 1, 4, 8, 21, 100, 'Subir Puntaje y disminuir Errores', 'facil', '2016-01-22 15:01:01'),
(62, 1, 2, 9, 25, 0, 'Subir Puntaje y disminuir Errores', 'medio', '2016-01-22 15:02:14'),
(63, 1, 4, 9, 17, 0, 'Subir Puntaje y disminuir Errores', 'facil', '2016-01-22 15:04:49'),
(64, 1, 3, 0, 54478, 0, 'sin resultado', 'facil', '2016-01-22 15:07:58'),
(65, 1, 2, 0, 54306, 0, 'sin resultado', 'medio', '2016-01-27 15:05:06'),
(66, 1, 2, 9, 243, 0, 'Ponle mas Empeño', 'facil', '2016-01-27 16:21:16'),
(67, 1, 6, 8, 266, 100, 'Ponle mas Empeño', 'facil', '2016-02-26 13:04:20'),
(68, 1, 3, 0, 39167, 0, 'sin resultado', 'facil', '2016-02-27 10:52:47'),
(69, 1, 3, 0, 39176, 0, 'sin resultado', 'facil', '2016-02-27 10:52:56'),
(70, 1, 3, 0, 40759, 0, 'sin resultado', 'facil', '2016-02-27 11:19:19'),
(71, 1, 2, 0, 41725, 0, 'sin resultado', 'facil', '2016-02-27 11:35:25'),
(72, 1, 3, 0, 45843, 5, 'sin resultado', 'facil', '2016-02-27 12:44:03'),
(73, 1, 3, 0, 47058, 1, 'sin resultado', 'facil', '2016-02-27 13:04:18'),
(74, 1, 3, 0, 48284, 2, 'sin resultado', 'facil', '2016-02-27 13:24:44'),
(75, 1, 3, 5, 66, 300, 'Subir Puntaje y disminuir Errores', 'facil', '2016-02-27 13:29:32'),
(76, 1, 2, 2, 43, 950, 'Excelente ha aprendido', 'medio', '2016-02-27 13:32:57'),
(77, 1, 3, 1, 143, 1050, 'Excelente ha aprendido', 'medio', '2016-02-27 13:34:37'),
(78, 1, 3, 7, 34, 200, 'Subir Puntaje y disminuir Errores', 'medio', '2016-02-27 13:37:09'),
(79, 1, 3, 1, 416, 1450, 'Disminuir Tiempo', 'medio', '2016-02-27 13:41:18'),
(80, 1, 3, 1, 127, 1450, 'Excelente ha aprendido', 'dificil', '2016-02-27 13:48:24'),
(81, 1, 3, 5, 66, 750, 'Subir Puntaje y disminuir Errores', 'medio', '2016-02-27 13:50:41'),
(82, 1, 3, 0, 51681, 1, 'sin resultado', 'medio', '2016-02-27 14:21:21'),
(83, 1, 2, 9, 602, 0, 'Ponle mas Empeño', 'facil', '2016-02-27 14:28:35'),
(84, 1, 3, 0, 97, 1650, 'Excelente ha aprendido', 'dificil', '2016-02-27 15:15:21'),
(85, 1, 3, 3, 70, 1200, 'Subir Puntaje', 'medio', '2016-02-27 15:17:21'),
(86, 1, 3, 3, 70, 1200, 'Subir Puntaje', 'medio', '2016-02-27 15:56:08'),
(87, 1, 3, 0, 61910, 1, 'Subir Puntaje y disminuir Tiempo', 'medio', '2016-02-27 17:11:50'),
(88, 1, 3, 0, 62200, 1, 'Subir Puntaje y disminuir Tiempo', 'medio', '2016-02-27 17:16:40'),
(89, 1, 3, 8, 404, 100, 'Ponle mas Empeño', 'facil', '2016-02-27 17:21:57'),
(90, 1, 3, 3, 104, 650, 'Subir Puntaje', 'facil', '2016-03-02 13:21:55'),
(91, 1, 5, 0, 48245, 1, 'sin resultado', 'facil', '2016-03-02 13:24:05'),
(92, 1, 3, 0, 40306, 0, 'sin resultado', 'facil', '2016-03-03 11:11:46'),
(93, 15, 3, 7, 21, 200, 'Subir Puntaje y disminuir Errores', 'facil', '2016-03-03 13:56:42'),
(94, 1, 2, 0, 44993, 0, 'sin resultado', 'facil', '2016-03-10 12:29:53'),
(95, 1, 4, 4, 410, 450, 'Subir Puntaje y disminuir Tiempo', 'facil', '2016-03-13 15:34:14'),
(96, 1, 2, 0, 56598, 0, 'sin resultado', 'facil', '2016-03-13 15:43:18'),
(97, 1, 2, 0, 56801, 0, 'sin resultado', 'facil', '2016-03-13 15:46:41'),
(98, 1, 2, 3, 99, 650, 'Subir Puntaje', 'facil', '2016-03-13 15:46:52'),
(99, 1, 2, 15, 57019, 0, 'Ponle mas Empeño', 'facil', '2016-03-13 15:48:40'),
(100, 1, 2, 9, 488, 0, 'Ponle mas Empeño', 'facil', '2016-03-13 15:52:51'),
(101, 1, 2, 9, 247, 0, 'Ponle mas Empeño', 'facil', '2016-03-13 16:01:05'),
(102, 1, 2, 0, 57918, 0, 'sin resultado', 'facil', '2016-03-13 16:05:18'),
(103, 1, 2, 9, 146, 0, 'Subir Puntaje y disminuir Errores', 'facil', '2016-03-13 16:05:44'),
(104, 1, 2, 9, 230, 0, 'Subir Puntaje y disminuir Errores', 'facil', '2016-03-13 16:08:15'),
(105, 1, 2, 9, 179, 0, 'Subir Puntaje y disminuir Errores', 'facil', '2016-03-13 16:12:11'),
(106, 1, 2, 9, 393, 0, 'Ponle mas Empeño', 'facil', '2016-03-13 16:15:15'),
(107, 1, 2, 0, 58914, 0, 'sin resultado', 'facil', '2016-03-13 16:21:54'),
(108, 1, 2, 0, 58997, 0, 'sin resultado', 'facil', '2016-03-13 16:23:17'),
(109, 1, 2, 0, 60089, 0, 'sin resultado', 'facil', '2016-03-13 16:41:29'),
(110, 1, 2, 0, 60578, 0, 'sin resultado', 'facil', '2016-03-13 16:49:38'),
(111, 1, 2, 0, 60771, 0, 'sin resultado', 'facil', '2016-03-13 16:52:51'),
(112, 1, 2, 0, 61101, 0, 'sin resultado', 'facil', '2016-03-13 16:58:21'),
(113, 1, 2, 0, 61141, 0, 'sin resultado', 'facil', '2016-03-13 16:59:01'),
(114, 1, 2, 0, 61187, 0, 'sin resultado', 'facil', '2016-03-13 16:59:47'),
(115, 1, 2, 0, 61229, 0, 'sin resultado', 'facil', '2016-03-13 17:00:29'),
(116, 1, 2, 0, 61433, 0, 'sin resultado', 'facil', '2016-03-13 17:03:53'),
(117, 1, 2, 0, 61470, 0, 'sin resultado', 'facil', '2016-03-13 17:04:30'),
(118, 1, 2, 0, 61549, 0, 'sin resultado', 'facil', '2016-03-13 17:05:49'),
(119, 1, 2, 0, 61744, 0, 'sin resultado', 'facil', '2016-03-13 17:09:04'),
(120, 1, 2, 0, 62093, 0, 'sin resultado', 'facil', '2016-03-13 17:14:53'),
(121, 1, 2, 0, 39891, 0, 'sin resultado', 'facil', '2016-03-14 11:04:51'),
(122, 1, 2, 0, 40039, 0, 'sin resultado', 'facil', '2016-03-14 11:07:19'),
(123, 1, 2, 0, 40856, 0, 'sin resultado', 'facil', '2016-03-14 11:20:56'),
(124, 1, 2, 0, 41334, 0, 'sin resultado', 'facil', '2016-03-14 11:28:54'),
(125, 1, 2, 0, 41492, 0, 'sin resultado', 'facil', '2016-03-14 11:31:32'),
(126, 1, 3, 0, 41569, 0, 'sin resultado', 'facil', '2016-03-14 11:32:49'),
(127, 1, 2, 0, 41676, 0, 'sin resultado', 'facil', '2016-03-14 11:34:36'),
(128, 1, 2, 0, 41809, 0, 'sin resultado', 'facil', '2016-03-14 11:36:49'),
(129, 1, 2, 0, 41843, 0, 'sin resultado', 'facil', '2016-03-14 11:37:23'),
(130, 1, 2, 0, 41872, 0, 'sin resultado', 'facil', '2016-03-14 11:37:52'),
(131, 1, 2, 0, 41923, 0, 'sin resultado', 'facil', '2016-03-14 11:38:43'),
(132, 1, 2, 0, 41990, 0, 'sin resultado', 'facil', '2016-03-14 11:39:50'),
(133, 1, 2, 0, 42306, 0, 'sin resultado', 'facil', '2016-03-14 11:45:06'),
(134, 1, 2, 0, 42755, 0, 'sin resultado', 'facil', '2016-03-14 11:52:35'),
(135, 1, 2, 0, 42788, 0, 'sin resultado', 'facil', '2016-03-14 11:53:08'),
(136, 1, 2, 0, 42876, 0, 'sin resultado', 'facil', '2016-03-14 11:54:36'),
(137, 1, 2, 0, 42903, 0, 'sin resultado', 'facil', '2016-03-14 11:55:03'),
(138, 1, 2, 0, 42972, 0, 'sin resultado', 'facil', '2016-03-14 11:56:12'),
(139, 1, 2, 0, 43007, 0, 'sin resultado', 'facil', '2016-03-14 11:56:47'),
(140, 1, 2, 0, 43060, 0, 'sin resultado', 'facil', '2016-03-14 11:57:40'),
(141, 1, 2, 0, 43221, 0, 'sin resultado', 'facil', '2016-03-14 12:00:21'),
(142, 1, 2, 0, 43356, 0, 'sin resultado', 'facil', '2016-03-14 12:02:36'),
(143, 1, 2, 0, 43378, 0, 'sin resultado', 'facil', '2016-03-14 12:02:58'),
(144, 1, 2, 0, 43418, 0, 'sin resultado', 'facil', '2016-03-14 12:03:38'),
(145, 1, 2, 0, 43443, 0, 'sin resultado', 'facil', '2016-03-14 12:04:03'),
(146, 1, 2, 0, 43645, 0, 'sin resultado', 'facil', '2016-03-14 12:07:25'),
(147, 1, 2, 0, 43672, 0, 'sin resultado', 'facil', '2016-03-14 12:07:52'),
(148, 1, 2, 0, 43738, 0, 'sin resultado', 'facil', '2016-03-14 12:08:58'),
(149, 1, 2, 0, 43879, 0, 'sin resultado', 'facil', '2016-03-14 12:11:19'),
(150, 1, 2, 0, 43950, 0, 'sin resultado', 'facil', '2016-03-14 12:12:30'),
(151, 1, 2, 0, 43990, 0, 'sin resultado', 'facil', '2016-03-14 12:13:10'),
(152, 1, 2, 0, 44018, 1, 'sin resultado', 'facil', '2016-03-14 12:13:38'),
(153, 1, 2, 9, 158, 0, 'Subir Puntaje y disminuir Errores', 'facil', '2016-03-14 12:14:55'),
(154, 1, 2, 9, 108, 0, 'Subir Puntaje y disminuir Errores', 'facil', '2016-03-14 12:17:41'),
(155, 1, 2, 9, 275, 0, 'Ponle mas Empeño', 'facil', '2016-03-14 12:19:35'),
(156, 1, 2, 9, 161, 0, 'Subir Puntaje y disminuir Errores', 'facil', '2016-03-14 12:24:16'),
(157, 1, 2, 9, 302, 0, 'Ponle mas Empeño', 'facil', '2016-03-14 12:27:02'),
(158, 1, 2, 9, 747, 0, 'Ponle mas Empeño', 'facil', '2016-03-14 12:32:11'),
(159, 1, 2, 0, 45884, 2, 'sin resultado', 'facil', '2016-03-14 12:44:44'),
(160, 1, 2, 0, 47618, 0, 'sin resultado', 'facil', '2016-03-14 13:13:38'),
(161, 1, 2, 0, 47673, 0, 'sin resultado', 'facil', '2016-03-14 13:14:33'),
(162, 1, 2, 0, 47808, 0, 'sin resultado', 'facil', '2016-03-14 13:16:48'),
(163, 1, 2, 0, 47861, 0, 'sin resultado', 'facil', '2016-03-14 13:17:41'),
(164, 1, 2, 0, 47901, 0, 'sin resultado', 'facil', '2016-03-14 13:18:21'),
(165, 1, 2, 4, 775, 200, 'Subir Puntaje y disminuir Tiempo', 'facil', '2016-03-14 13:18:50'),
(166, 1, 2, 3, 240, 650, 'Subir Puntaje y disminuir Tiempo', 'facil', '2016-03-14 13:36:29'),
(167, 1, 2, 1, 68, 1050, 'Excelente ha aprendido', 'medio', '2016-03-14 13:40:35'),
(168, 1, 2, 9, 44, 0, 'Subir Puntaje y disminuir Errores', 'medio', '2016-03-14 13:48:09'),
(169, 1, 2, 9, 100, 0, 'Subir Puntaje y disminuir Errores', 'medio', '2016-03-14 13:49:01'),
(170, 1, 2, 9, 48, 0, 'Subir Puntaje y disminuir Errores', 'facil', '2016-03-14 14:00:03'),
(171, 1, 2, 1, 64, 1050, 'Excelente ha aprendido', 'medio', '2016-03-14 14:01:00'),
(172, 1, 2, 0, 50561, 0, 'sin resultado', 'medio', '2016-03-14 14:02:41'),
(173, 1, 2, 1, 72, 1450, 'Excelente ha aprendido', 'dificil', '2016-03-14 14:05:17'),
(174, 1, 2, 0, 50865, 1, 'sin resultado', 'dificil', '2016-03-14 14:07:45'),
(175, 1, 2, 0, 51473, 0, 'sin resultado', 'dificil', '2016-03-14 14:17:53'),
(176, 1, 2, 0, 51933, 0, 'sin resultado', 'dificil', '2016-03-14 14:25:33'),
(177, 1, 2, 9, 197, 0, 'Subir Puntaje y disminuir Errores', 'medio', '2016-03-15 10:38:40'),
(178, 17, 2, 0, 53545, 0, 'sin resultado', 'facil', '2016-03-17 14:52:25'),
(179, 17, 2, 6, 3398, 200, 'Ponle mas Empeño', 'facil', '2016-03-17 22:20:49'),
(180, 17, 2, 0, 84320, 1100, 'Subir Puntaje y disminuir Tiempo', 'facil', '2016-03-17 23:17:46');

--
-- Disparadores `entrenamiento`
--
DROP TRIGGER IF EXISTS `trggBeforeInsertEntrenamiento`;
DELIMITER //
CREATE TRIGGER `trggBeforeInsertEntrenamiento` BEFORE INSERT ON `entrenamiento`
 FOR EACH ROW begin
set @ultimoCodigo=(select max(idEntrena) from entrenamiento);
if @ultimoCodigo is null then
	set @ultimoCodigo=0;
end if;
set @codigo=(@ultimoCodigo)+1;
set NEW.idEntrena=(select @codigo);
end
//
DELIMITER ;

-- --------------------------------------------------------

--
-- Estructura de tabla para la tabla `estudiante`
--

CREATE TABLE IF NOT EXISTS `estudiante` (
  `idEst` int(11) NOT NULL,
  `usuarioEst` int(11) NOT NULL,
  `estUnidEnsen` int(11) NOT NULL,
  PRIMARY KEY (`idEst`),
  KEY `idUsuario` (`usuarioEst`),
  KEY `id` (`estUnidEnsen`)
) ENGINE=InnoDB DEFAULT CHARSET=latin1;

--
-- Volcado de datos para la tabla `estudiante`
--

INSERT INTO `estudiante` (`idEst`, `usuarioEst`, `estUnidEnsen`) VALUES
(1, 3, 1),
(3, 8, 1),
(4, 9, 1),
(5, 10, 1),
(6, 11, 1),
(7, 12, 1),
(8, 13, 1),
(9, 14, 1),
(10, 15, 1),
(11, 16, 1),
(12, 17, 1),
(13, 18, 1),
(15, 19, 1),
(16, 20, 3),
(17, 22, 1);

--
-- Disparadores `estudiante`
--
DROP TRIGGER IF EXISTS `trggBeforeInsertEstudiante`;
DELIMITER //
CREATE TRIGGER `trggBeforeInsertEstudiante` BEFORE INSERT ON `estudiante`
 FOR EACH ROW begin
set @ultimoCodigo=(select max(idEst) from estudiante);
if @ultimoCodigo is null then
	set @ultimoCodigo=0;
end if;
set @codigo=(@ultimoCodigo)+1;
set NEW.idEst=(select @codigo);
end
//
DELIMITER ;

-- --------------------------------------------------------

--
-- Estructura de tabla para la tabla `ficha`
--

CREATE TABLE IF NOT EXISTS `ficha` (
  `idFicha` int(11) NOT NULL,
  `nombreFicha` varchar(40) NOT NULL,
  `descripcion` varchar(100) DEFAULT NULL,
  `temaFicha` int(11) NOT NULL,
  `estadoAprendizaje` varchar(50) NOT NULL,
  `estado` tinyint(1) NOT NULL,
  PRIMARY KEY (`idFicha`),
  KEY `idTema` (`temaFicha`)
) ENGINE=InnoDB DEFAULT CHARSET=latin1;

--
-- Volcado de datos para la tabla `ficha`
--

INSERT INTO `ficha` (`idFicha`, `nombreFicha`, `descripcion`, `temaFicha`, `estadoAprendizaje`, `estado`) VALUES
(1, 'door', 'puerta', 2, 'En proceso de aprendizaje', 1),
(2, 'board', 'pizarra', 2, 'Exelente ha aprendido', 1),
(3, 'poster', 'cartel', 2, 'Exelente ha aprendido', 1),
(4, 'shelf', 'estante', 2, 'En proceso de aprendizaje', 1),
(5, 'table', 'mesa', 2, 'En proceso de aprendizaje', 1),
(6, 'chair', 'silla', 2, 'En proceso de aprendizaje', 1),
(7, 'boy', 'niño', 2, 'En proceso de aprendizaje', 1),
(8, 'girl', 'niña', 2, 'En proceso de aprendizaje', 1),
(9, 'teacher', 'maestra', 2, 'Exelente ha aprendido', 1),
(10, 'friend', 'amigo', 2, 'En proceso de aprendizaje', 1),
(11, 'lunch box', 'lonchera', 2, 'En proceso de aprendizaje', 1),
(12, 'backpack', 'mochila', 2, 'En proceso de aprendizaje', 1),
(13, 'classroom', 'clase', 2, 'En proceso de aprendizaje', 1),
(14, 'playground', 'patio de recreo', 2, 'En proceso de aprendizaje', 1),
(15, 'bathroom', 'baño', 2, 'En proceso de aprendizaje', 1),
(16, 'drinking fount', 'fuente de beber', 2, 'En proceso de aprendizaje', 1),
(17, 'climbing frame', 'culumpio', 2, 'En proceso de aprendizaje', 1),
(18, 'toilet', 'inodoro', 2, 'En proceso de aprendizaje', 1),
(19, 'pencil case', 'cartuchera', 2, 'En proceso de aprendizaje', 1),
(20, 'pencil', 'lapiz', 2, 'En proceso de aprendizaje', 1),
(21, 'crayon', 'lapiz de color', 2, 'En proceso de aprendizaje', 1),
(22, 'scissor', 'tijera', 2, 'En proceso de aprendizaje', 1),
(23, 'glue', 'pegamento', 2, 'En proceso de aprendizaje', 1),
(24, 'marker', 'marcador', 2, 'Exelente ha aprendido', 1),
(25, 'paintbrush', 'pincel', 2, 'Exelente ha aprendido', 1),
(26, 'red', 'rojo', 2, 'Exelente ha aprendido', 1),
(27, 'blue', 'azul', 2, 'Exelente ha aprendido', 1),
(28, 'yellow', 'amarillo', 2, 'En proceso de aprendizaje', 1),
(29, 'green', 'verde', 2, 'En proceso de aprendizaje', 1),
(30, 'purple', 'purpura', 2, 'En proceso de aprendizaje', 1),
(31, 'orange', 'naranja', 2, 'En proceso de aprendizaje', 1),
(32, 'black', 'negro', 2, 'En proceso de aprendizaje', 1),
(33, 'pink', 'rosado', 2, 'En proceso de aprendizaje', 1),
(34, 'triangle', 'triangulo', 2, 'En proceso de aprendizaje', 1),
(35, 'circle', 'circulo', 2, 'En proceso de aprendizaje', 1),
(36, 'square', 'cuadrado', 2, 'En proceso de aprendizaje', 1),
(37, 'rectangle', 'rectangulo', 2, 'En proceso de aprendizaje', 1),
(38, 'one', 'uno', 2, 'En proceso de aprendizaje', 1),
(39, 'two', 'dos', 2, 'En proceso de aprendizaje', 1),
(40, 'three', 'tres', 2, 'En proceso de aprendizaje', 1),
(41, 'four', 'cuatro', 2, 'En proceso de aprendizaje', 1),
(42, 'five', 'cinco', 2, 'En proceso de aprendizaje', 1),
(43, 'school', 'escuela', 2, 'En proceso de aprendizaje', 1),
(44, 'book', 'libro', 2, 'En proceso de aprendizaje', 1),
(45, 'ruler', 'regla', 2, 'En proceso de aprendizaje', 1),
(46, 'ball', 'ballon', 2, 'En proceso de aprendizaje', 1),
(47, 'cake', 'pastel', 2, 'En proceso de aprendizaje', 1),
(48, 'party', 'fiesta', 2, 'En proceso de aprendizaje', 1),
(49, 'birthday', 'cumpleaños', 2, 'En proceso de aprendizaje', 1),
(50, 'hat', 'sombrero de cumpleaños', 2, 'Exelente ha aprendido', 1),
(51, 'fish', 'pescado', 3, 'En proceso de aprendizaje', 1),
(52, 'meat', 'carne', 3, 'Exelente ha aprendido', 1),
(53, 'eggs', 'huevos', 3, 'En proceso de aprendizaje', 1),
(54, 'cereal', 'cereal', 3, 'En proceso de aprendizaje', 1),
(55, 'cheese', 'queso', 3, 'En proceso de aprendizaje', 1),
(56, 'bread', 'pan', 3, 'Exelente ha aprendido', 1),
(57, 'chicken', 'pollo', 3, 'En proceso de aprendizaje', 1),
(58, 'yogurt', 'yogurt', 3, 'En proceso de aprendizaje', 1),
(59, 'supermarkert', 'supermercado', 3, 'En proceso de aprendizaje', 1),
(60, 'shopping', 'compras', 3, 'En proceso de aprendizaje', 1),
(61, 'shopping cart', 'carro de compras', 3, 'En proceso de aprendizaje', 1),
(62, 'milk', 'leche', 3, 'Exelente ha aprendido', 1),
(63, 'banana', 'banana', 3, 'En proceso de aprendizaje', 1),
(64, 'spaghetti', 'espageti', 3, 'En proceso de aprendizaje', 1),
(65, 'rice', 'arroz', 3, 'Exelente ha aprendido', 1),
(66, 'juice', 'jugo', 3, 'En proceso de aprendizaje', 1),
(67, 'shopping list', 'lista de compras', 3, 'En proceso de aprendizaje', 1),
(68, 'potato', 'papas', 3, 'Exelente ha aprendido', 1),
(69, 'onion', 'cebolla', 3, 'En proceso de aprendizaje', 1),
(70, 'carrot', 'zanahoria', 3, 'En proceso de aprendizaje', 1),
(71, 'cucumber', 'pepino', 3, 'Exelente ha aprendido', 1),
(72, 'beans', 'habas', 3, 'En proceso de aprendizaje', 1),
(73, 'tomato', 'tomate', 3, 'En proceso de aprendizaje', 1),
(74, 'one', 'uno', 3, 'En proceso de aprendizaje', 1),
(75, 'two', 'dos', 3, 'En proceso de aprendizaje', 1),
(76, 'three', 'tres', 3, 'En proceso de aprendizaje', 1),
(77, 'four', 'cuatro', 3, 'En proceso de aprendizaje', 1),
(78, 'five', 'cinco', 3, 'En proceso de aprendizaje', 1),
(79, 'six', 'seis', 3, 'Exelente ha aprendido', 1),
(80, 'placemat', 'mantel', 3, 'Exelente ha aprendido', 1),
(81, 'napkin', 'servilleta', 3, 'Exelente ha aprendido', 1),
(82, 'fork', 'tenedor', 3, 'En proceso de aprendizaje', 1),
(83, 'plate', 'plato', 3, 'Exelente ha aprendido', 1),
(84, 'spoon', 'cuchara', 3, 'En proceso de aprendizaje', 1),
(85, 'knife', 'cuchillo', 3, 'En proceso de aprendizaje', 1),
(86, 'glass', 'vaso', 3, 'En proceso de aprendizaje', 1),
(87, 'menu', 'menu', 3, 'En proceso de aprendizaje', 1),
(88, 'dessert', 'postre', 3, 'En proceso de aprendizaje', 1),
(89, 'water', 'agua', 3, 'En proceso de aprendizaje', 1),
(90, 'lemonade', 'limonada', 3, 'En proceso de aprendizaje', 1),
(91, 'cake', 'pastel', 3, 'En proceso de aprendizaje', 1),
(92, 'ice cream', 'helado', 3, 'En proceso de aprendizaje', 1),
(93, 'donut', 'dona', 3, 'En proceso de aprendizaje', 1),
(94, 'salad', 'ensalada', 3, 'En proceso de aprendizaje', 1),
(95, 'hot dog', 'perros caliente', 3, 'En proceso de aprendizaje', 1),
(96, 'hamburguer', 'hamburguer', 3, 'En proceso de aprendizaje', 1),
(97, 'pizza', 'pizza', 3, 'En proceso de aprendizaje', 1),
(98, 'soup', 'sopa', 3, 'Exelente ha aprendido', 1),
(99, 'breakfast', 'desayuno', 3, 'En proceso de aprendizaje', 1),
(100, 'luch', 'almuerzo', 3, 'En proceso de aprendizaje', 1),
(101, 'toast', 'tostada', 3, 'En proceso de aprendizaje', 1),
(102, 'pancakes', 'panqueques', 3, 'En proceso de aprendizaje', 1),
(103, 'sandwich', 'sanduches', 3, 'Exelente ha aprendido', 1),
(104, 'morning', 'mañana', 3, 'En proceso de aprendizaje', 1),
(105, 'afternoon', 'tarde', 3, 'En proceso de aprendizaje', 1),
(106, 'evening', 'anochecer', 3, 'En proceso de aprendizaje', 1),
(107, 'apple', 'manzana', 3, 'En proceso de aprendizaje', 1),
(108, 'potato chips', 'papas fritas', 3, 'En proceso de aprendizaje', 1),
(109, 'soda ', 'cola', 3, 'En proceso de aprendizaje', 1),
(110, 'watermelon', 'sandia', 3, 'Exelente ha aprendido', 1),
(111, 'pear', 'pera', 3, 'En proceso de aprendizaje', 1),
(112, 'grapes', 'uvas', 3, 'Exelente ha aprendido', 1),
(113, 'corn', 'maiz', 3, 'En proceso de aprendizaje', 1),
(114, 'green beans', 'vainitas', 3, 'En proceso de aprendizaje', 1),
(115, 'pumpkin', 'calabaza', 3, 'En proceso de aprendizaje', 1),
(116, 'cherry', 'cereza', 3, 'En proceso de aprendizaje', 1),
(117, 'strawberry', 'frutilla', 3, 'En proceso de aprendizaje', 1),
(118, 'cupcake', 'pastelitos', 3, 'En proceso de aprendizaje', 1),
(119, 'cookies', 'galleta', 3, 'En proceso de aprendizaje', 1),
(120, 'cabbage', 'col o repollo', 3, 'En proceso de aprendizaje', 1),
(121, 'bedroom', 'dormitorio', 4, 'En proceso de aprendizaje', 1),
(122, 'bathroom', 'baño', 4, 'En proceso de aprendizaje', 1),
(123, 'living room', 'sala', 4, 'En proceso de aprendizaje', 1),
(124, 'kitchen', 'cocina', 4, 'En proceso de aprendizaje', 1),
(125, 'daddy', 'papi', 4, 'En proceso de aprendizaje', 1),
(126, 'mommy', 'mami', 4, 'En proceso de aprendizaje', 1),
(127, 'brother', 'hermano', 4, 'En proceso de aprendizaje', 1),
(128, 'sister', 'hermana', 4, 'En proceso de aprendizaje', 1),
(129, 'grandpa', 'abuelo', 4, 'Exelente ha aprendido', 1),
(130, 'grandma', 'abuela', 4, 'En proceso de aprendizaje', 1),
(131, 'play', 'jugar', 4, 'En proceso de aprendizaje', 1),
(132, 'taking a bath', 'tomando un baño', 4, 'En proceso de aprendizaje', 1),
(133, 'eating', 'comiendo', 4, 'En proceso de aprendizaje', 1),
(134, 'watching TV', 'ver tv', 4, 'En proceso de aprendizaje', 1),
(135, 'sleeping', 'dormir', 4, 'En proceso de aprendizaje', 1),
(136, 'toilet paper', 'papel higenico', 4, 'En proceso de aprendizaje', 1),
(137, 'teddy bear', 'oso', 4, 'En proceso de aprendizaje', 1),
(138, 'food', 'comida', 4, 'En proceso de aprendizaje', 1),
(139, 'stove', 'estufa', 4, 'Exelente ha aprendido', 1),
(140, 'refrigerator', 'refrigerador', 4, 'En proceso de aprendizaje', 1),
(141, 'sink', 'lavado', 4, 'En proceso de aprendizaje', 1),
(142, 'table', 'mesa', 4, 'En proceso de aprendizaje', 1),
(143, 'chairs', 'sillas', 4, 'En proceso de aprendizaje', 1),
(144, 'bed', 'cama', 4, 'En proceso de aprendizaje', 1),
(145, 'bathtub', 'tubo baño', 4, 'En proceso de aprendizaje', 1),
(146, 'lamp', 'lampara', 4, 'En proceso de aprendizaje', 1),
(147, 'sofa', 'sofa', 4, 'En proceso de aprendizaje', 1),
(148, 'television', 'television', 4, 'En proceso de aprendizaje', 1),
(149, 'ball', 'pelota', 4, 'En proceso de aprendizaje', 1),
(150, 'one', 'uno', 4, 'Exelente ha aprendido', 1),
(151, 'two', 'dos', 4, 'En proceso de aprendizaje', 1),
(152, 'three', 'tres', 4, 'En proceso de aprendizaje', 1),
(153, 'four', 'cuatro', 4, 'En proceso de aprendizaje', 1),
(154, 'five', 'cinco', 4, 'En proceso de aprendizaje', 1),
(155, 'six', 'seis', 4, 'En proceso de aprendizaje', 1),
(156, 'seven', 'siete', 4, 'En proceso de aprendizaje', 1),
(157, 'red', 'rojo', 4, 'En proceso de aprendizaje', 1),
(158, 'blue', 'azul', 4, 'En proceso de aprendizaje', 1),
(159, 'yellow', 'amarillo', 4, 'En proceso de aprendizaje', 1),
(160, 'green', 'verde', 4, 'En proceso de aprendizaje', 1),
(161, 'purple', 'purpura', 4, 'En proceso de aprendizaje', 1),
(162, 'orange', 'naranja', 4, 'En proceso de aprendizaje', 1),
(163, 'black', 'negro', 4, 'Exelente ha aprendido', 1),
(164, 'pink', 'rosado', 4, 'En proceso de aprendizaje', 1),
(165, 'toy box', 'caja de juguetes', 4, 'En proceso de aprendizaje', 1),
(166, 'car', 'carro', 4, 'En proceso de aprendizaje', 1),
(167, 'doll', 'muñeca', 4, 'En proceso de aprendizaje', 1),
(168, 'robot', 'robot', 4, 'En proceso de aprendizaje', 1),
(169, 'train', 'tren', 4, 'En proceso de aprendizaje', 1),
(170, 'boat', 'bote', 4, 'En proceso de aprendizaje', 1),
(171, 'family', 'familia', 4, 'En proceso de aprendizaje', 1),
(172, 'washing the dishes', 'lavar platos', 4, 'En proceso de aprendizaje', 1),
(173, 'making the bed', 'tender la cama', 4, 'En proceso de aprendizaje', 1),
(174, 'sweeping the floor', 'barrer el piso', 4, 'En proceso de aprendizaje', 1),
(175, 'making breakfast', 'hacer el desayuni', 4, 'En proceso de aprendizaje', 1),
(176, 'drinking', 'beber', 4, 'En proceso de aprendizaje', 1),
(177, 'cat', 'gato', 4, 'En proceso de aprendizaje', 1),
(178, 'dog', 'perro', 4, 'En proceso de aprendizaje', 1),
(179, 'duck', 'pato', 4, 'En proceso de aprendizaje', 1),
(180, 'airplane', 'avion', 4, 'Exelente ha aprendido', 1),
(181, 'head', 'cabeza', 5, 'En proceso de aprendizaje', 1),
(182, 'shoulder', 'hombros', 5, 'En proceso de aprendizaje', 1),
(183, 'knee', 'rofillas', 5, 'Exelente ha aprendido', 1),
(184, 'toes', 'dedos de los pies', 5, 'En proceso de aprendizaje', 1),
(185, 'leg', 'pierna', 5, 'Exelente ha aprendido', 1),
(186, 'arm', 'brazo', 5, 'En proceso de aprendizaje', 1),
(187, 'hand', 'mano', 5, 'En proceso de aprendizaje', 1),
(188, 'foot', 'pies', 5, 'Exelente ha aprendido', 1),
(189, 'jumping', 'saltar', 5, 'En proceso de aprendizaje', 1),
(190, 'exercise', 'ejercicios', 5, 'Exelente ha aprendido', 1),
(191, 'running', 'correr', 5, 'En proceso de aprendizaje', 1),
(192, 'climbing', 'escalar', 5, 'En proceso de aprendizaje', 1),
(193, 'hopping', 'saltar', 5, 'En proceso de aprendizaje', 1),
(194, 'green', 'verde', 5, 'Exelente ha aprendido', 1),
(195, 'blue', 'azul', 5, 'En proceso de aprendizaje', 1),
(196, 'orange', 'naranja', 5, 'En proceso de aprendizaje', 1),
(197, 'pink', 'rosado', 5, 'Exelente ha aprendido', 1),
(198, 'purple', 'purpura', 5, 'En proceso de aprendizaje', 1),
(199, 'red', 'rojo', 5, 'En proceso de aprendizaje', 1),
(200, 'yellow', 'amarillo', 5, 'En proceso de aprendizaje', 1),
(201, 'toothbrush', 'cepillo dental', 5, 'En proceso de aprendizaje', 1),
(202, 'soap', 'jabon', 5, 'En proceso de aprendizaje', 1),
(203, 'toothpaste', 'pasta dental', 5, 'Exelente ha aprendido', 1),
(204, 'towel', 'toalla', 5, 'En proceso de aprendizaje', 1),
(205, 'comb', 'peine', 5, 'Exelente ha aprendido', 1),
(206, 'brush', 'cepillo', 5, 'Exelente ha aprendido', 1),
(207, 'shampoo', 'shampoo', 5, 'En proceso de aprendizaje', 1),
(208, 'sponge', 'esponja', 5, 'En proceso de aprendizaje', 1),
(209, 'comb hair', 'peinar el cabello', 5, 'En proceso de aprendizaje', 1),
(210, 'boy', 'niño', 5, 'En proceso de aprendizaje', 1),
(211, 'girl', 'niña', 5, 'Exelente ha aprendido', 1),
(212, 'children', 'niños', 5, 'En proceso de aprendizaje', 1),
(213, 'breakfast', 'desayuno', 5, 'En proceso de aprendizaje', 1),
(214, 'lunch', 'almuerzo', 5, 'En proceso de aprendizaje', 1),
(215, 'sun', 'sol', 5, 'En proceso de aprendizaje', 1),
(216, 'moon', 'luna', 5, 'En proceso de aprendizaje', 1),
(217, 'star', 'estrella', 5, 'En proceso de aprendizaje', 1),
(218, 'day', 'dia', 5, 'En proceso de aprendizaje', 1),
(219, 'night', 'noche', 5, 'En proceso de aprendizaje', 1),
(220, 'one', 'uno', 5, 'Exelente ha aprendido', 1),
(221, 'two', 'dos', 5, 'Exelente ha aprendido', 1),
(222, 'three', 'tres', 5, 'En proceso de aprendizaje', 1),
(223, 'four', 'cuatro', 5, 'En proceso de aprendizaje', 1),
(224, 'five', 'cinco', 5, 'En proceso de aprendizaje', 1),
(225, 'six', 'seis', 5, 'En proceso de aprendizaje', 1),
(226, 'seven', 'siete', 5, 'En proceso de aprendizaje', 1),
(227, 'eight', 'ocho', 5, 'En proceso de aprendizaje', 1),
(228, 'doctor', 'doctor', 5, 'En proceso de aprendizaje', 1),
(229, 'nurse', 'enfermera', 5, 'En proceso de aprendizaje', 1),
(230, 'getting up', 'levantarse', 5, 'En proceso de aprendizaje', 1),
(231, 'eating breakfast', 'comiendo el desayuno', 5, 'En proceso de aprendizaje', 1),
(232, 'taking a bath', 'tomar un naño', 5, 'En proceso de aprendizaje', 1),
(233, 'taking a shower', 'tomar una ducha', 5, 'En proceso de aprendizaje', 1),
(234, 'washing your hand', 'lavar tus manos', 5, 'En proceso de aprendizaje', 1),
(235, 'water', 'agua', 5, 'En proceso de aprendizaje', 1),
(236, 'get dressed', 'vestirse', 5, 'En proceso de aprendizaje', 1),
(237, 'brush teeth', 'cepillar dientes', 5, 'En proceso de aprendizaje', 1),
(238, 'sleeping', 'dormir', 5, 'En proceso de aprendizaje', 1),
(239, 'clothes', 'ropa', 5, 'En proceso de aprendizaje', 1),
(240, 'mirror', 'espejo', 5, 'En proceso de aprendizaje', 1),
(241, 'toilet', 'baño', 5, 'En proceso de aprendizaje', 1),
(242, 'face', 'cara', 5, 'En proceso de aprendizaje', 1),
(243, 'cat', 'gato', 5, 'En proceso de aprendizaje', 1),
(244, 'dog', 'perro', 5, 'En proceso de aprendizaje', 1),
(245, 'bird', 'ave', 5, 'En proceso de aprendizaje', 1),
(246, 'turtle', 'tortuga', 5, 'En proceso de aprendizaje', 1),
(247, 'pig', 'cerdo', 6, 'Exelente ha aprendido', 1),
(248, 'horse', 'caballo', 6, 'En proceso de aprendizaje', 1),
(249, 'chick', 'polluelo', 6, 'En proceso de aprendizaje', 1),
(250, 'sheep', 'oveja', 6, 'Exelente ha aprendido', 1),
(251, 'duck', 'patp', 6, 'Exelente ha aprendido', 1),
(252, 'goal', 'cabra', 6, 'En proceso de aprendizaje', 1),
(253, 'cow', 'vaca', 6, 'En proceso de aprendizaje', 1),
(254, 'hen', 'gallina', 6, 'En proceso de aprendizaje', 1),
(255, 'farmen', 'granjero', 6, 'En proceso de aprendizaje', 1),
(256, 'barn', 'granero', 6, 'En proceso de aprendizaje', 1),
(257, 'haystack', 'almiar', 6, 'En proceso de aprendizaje', 1),
(258, 'fence', 'cerca', 6, 'En proceso de aprendizaje', 1),
(259, 'scarecrow', 'espanta pajaros', 6, 'En proceso de aprendizaje', 1),
(260, 'birds', 'aves', 6, 'En proceso de aprendizaje', 1),
(261, 'nest', 'nido', 6, 'Exelente ha aprendido', 1),
(262, 'one', 'uno', 6, 'En proceso de aprendizaje', 1),
(263, 'two', 'dos', 6, 'En proceso de aprendizaje', 1),
(264, 'three', 'tres', 6, 'En proceso de aprendizaje', 1),
(265, 'four', 'cuatro', 6, 'Exelente ha aprendido', 1),
(266, 'five', 'cinco', 6, 'En proceso de aprendizaje', 1),
(267, 'six', 'seis', 6, 'En proceso de aprendizaje', 1),
(268, 'seven', 'siete', 6, 'En proceso de aprendizaje', 1),
(269, 'eight', 'ocho', 6, 'En proceso de aprendizaje', 1),
(270, 'nine ', 'nueve', 6, 'En proceso de aprendizaje', 1),
(271, 'mother', 'madre', 6, 'Exelente ha aprendido', 1),
(272, 'father', 'padre', 6, 'En proceso de aprendizaje', 1),
(273, 'brother', 'hemano', 6, 'En proceso de aprendizaje', 1),
(274, 'sister', 'hermana', 6, 'En proceso de aprendizaje', 1),
(275, 'milk of cow', 'leche de vaca', 6, 'Exelente ha aprendido', 1),
(276, 'eggs', 'huevos', 6, 'Exelente ha aprendido', 1),
(277, 'shear the sheep', 'corta lana', 6, 'En proceso de aprendizaje', 1),
(278, 'vegetable garder', 'jardin de vegetales', 6, 'En proceso de aprendizaje', 1),
(279, 'basket', 'canasta', 6, 'Exelente ha aprendido', 1),
(280, 'carrot', 'zanahoria', 6, 'En proceso de aprendizaje', 1),
(281, 'tomatoes', 'tomate', 6, 'En proceso de aprendizaje', 1),
(282, 'lettuce', 'lechuga', 6, 'Exelente ha aprendido', 1),
(283, 'corn', 'maiz', 6, 'Exelente ha aprendido', 1),
(284, 'cucumber', 'pepino', 6, 'En proceso de aprendizaje', 1),
(285, 'tree', 'arbol', 6, 'En proceso de aprendizaje', 1),
(286, 'wool', 'lana', 6, 'En proceso de aprendizaje', 1),
(287, 'yogurt', 'yogurt', 6, 'Exelente ha aprendido', 1),
(288, 'cheese', 'manzana', 6, 'Exelente ha aprendido', 1),
(289, 'aple', 'manzana', 6, 'Exelente ha aprendido', 1),
(290, 'pear', 'pera', 6, 'En proceso de aprendizaje', 1),
(291, 'feed the animals', 'alimentar animales', 6, 'En proceso de aprendizaje', 1),
(292, 'cabbage', 'repollo', 6, 'Exelente ha aprendido', 1),
(293, 'onions', 'ceboll', 6, 'Exelente ha aprendido', 1),
(294, 'rabbit', 'conejo', 6, 'En proceso de aprendizaje', 1),
(295, 'butterfly', 'mariposa', 6, 'En proceso de aprendizaje', 1),
(296, 'silvia', 'silvia', 3, 'En proceso de aprendizaje', 0),
(297, 'three', 'tres', 8, 'no aprendido', 1),
(298, 'threess', 'tresss', 9, 'no aprendido', 1),
(299, 'asdf', 'asdf', 9, 'no aprendido', 0),
(300, 'two', 'dos', 9, 'no aprendido', 1),
(301, 'two', 'dawesrf', 8, 'no aprendido', 1),
(302, 'four', 'ff', 8, 'no aprendido', 1),
(303, 'five', 'cinco', 8, 'no aprendido', 1),
(304, 'six', 'seis', 8, 'no aprendido', 0),
(305, 'classroom', 'ss', 7, 'no aprendido', 0);

--
-- Disparadores `ficha`
--
DROP TRIGGER IF EXISTS `trggBeforeInsertFicha`;
DELIMITER //
CREATE TRIGGER `trggBeforeInsertFicha` BEFORE INSERT ON `ficha`
 FOR EACH ROW begin
set @ultimoCodigo=(select max(idFicha) from ficha);
if @ultimoCodigo is null then
	set @ultimoCodigo=0;
end if;
set @codigo=(@ultimoCodigo)+1;
set NEW.idFicha=(select @codigo);
end
//
DELIMITER ;

-- --------------------------------------------------------

--
-- Estructura de tabla para la tabla `fichaspregunta`
--

CREATE TABLE IF NOT EXISTS `fichaspregunta` (
  `idFichaInt` int(11) NOT NULL,
  `ficha` int(11) NOT NULL,
  `pregunta` int(11) NOT NULL,
  PRIMARY KEY (`idFichaInt`),
  KEY `idFicha` (`ficha`),
  KEY `pregunta` (`pregunta`)
) ENGINE=InnoDB DEFAULT CHARSET=latin1;

--
-- Volcado de datos para la tabla `fichaspregunta`
--

INSERT INTO `fichaspregunta` (`idFichaInt`, `ficha`, `pregunta`) VALUES
(1, 72, 1),
(2, 108, 1),
(3, 79, 1),
(4, 104, 1),
(5, 80, 2),
(6, 110, 2),
(7, 51, 2),
(8, 78, 2),
(9, 90, 3),
(10, 94, 3),
(11, 116, 3),
(12, 57, 3),
(13, 11, 4),
(14, 36, 4),
(15, 47, 4),
(16, 15, 4),
(17, 45, 5),
(18, 12, 5),
(19, 25, 5),
(20, 22, 5),
(21, 9, 6),
(22, 18, 6),
(23, 8, 6),
(24, 14, 6),
(25, 19, 6),
(26, 15, 7),
(27, 34, 7),
(28, 33, 7),
(29, 10, 7),
(30, 19, 8),
(31, 42, 8),
(32, 18, 8),
(33, 32, 8),
(34, 31, 9),
(35, 1, 9),
(36, 10, 9),
(37, 24, 9),
(38, 10, 10),
(39, 7, 10),
(40, 21, 10),
(41, 1, 10),
(42, 11, 11),
(43, 29, 11),
(44, 17, 11),
(45, 23, 11),
(46, 32, 12),
(47, 44, 12),
(48, 19, 12),
(49, 12, 12),
(50, 2, 12),
(51, 161, 13),
(52, 177, 13),
(53, 130, 13),
(54, 159, 13),
(55, 133, 14),
(56, 143, 14),
(59, 138, 14),
(60, 151, 14),
(61, 126, 15),
(62, 122, 15),
(63, 162, 15),
(64, 145, 15),
(65, 148, 15),
(66, 108, 16),
(67, 82, 16),
(68, 86, 16),
(69, 57, 16),
(70, 84, 17),
(71, 109, 17),
(72, 61, 17),
(73, 106, 17),
(74, 116, 18),
(75, 112, 18),
(76, 105, 18),
(77, 68, 18),
(78, 235, 19),
(79, 203, 19),
(80, 236, 19),
(81, 185, 19),
(82, 183, 20),
(83, 232, 20),
(84, 189, 20),
(85, 220, 20),
(86, 209, 21),
(87, 184, 21),
(88, 204, 21),
(89, 223, 21),
(90, 185, 21),
(91, 102, 22),
(92, 104, 22),
(93, 86, 22),
(94, 84, 22),
(95, 97, 23),
(96, 75, 23),
(97, 52, 23),
(98, 68, 23),
(99, 95, 24),
(100, 79, 24),
(101, 101, 24),
(102, 81, 24),
(103, 182, 25),
(104, 187, 25),
(105, 246, 25),
(106, 242, 25),
(107, 237, 26),
(108, 236, 26),
(109, 239, 26),
(110, 200, 26),
(111, 238, 27),
(112, 234, 27),
(113, 230, 27),
(114, 208, 27),
(115, 264, 28),
(116, 249, 28),
(117, 285, 28),
(118, 280, 28),
(119, 291, 29),
(120, 284, 29),
(121, 281, 29),
(122, 258, 29),
(123, 255, 30),
(124, 260, 30),
(125, 280, 30),
(126, 284, 30),
(127, 290, 30),
(128, 204, 31),
(129, 198, 31),
(130, 202, 31),
(131, 226, 31),
(132, 218, 32),
(133, 242, 32),
(134, 226, 32),
(135, 213, 32),
(136, 183, 33),
(137, 201, 33),
(138, 185, 33),
(139, 212, 33),
(140, 208, 33),
(141, 127, 34),
(142, 135, 34),
(143, 148, 34),
(144, 132, 34),
(145, 151, 35),
(146, 165, 35),
(147, 133, 35),
(148, 128, 35),
(149, 148, 36),
(150, 162, 36),
(151, 126, 36),
(152, 132, 36),
(153, 220, 37),
(154, 222, 37),
(155, 246, 37),
(156, 198, 37),
(157, 231, 38),
(158, 188, 38),
(159, 238, 38),
(160, 229, 38),
(161, 242, 39),
(162, 231, 39),
(163, 223, 39),
(164, 230, 39),
(165, 244, 39),
(166, 75, 40),
(167, 73, 40),
(168, 81, 40),
(169, 65, 40),
(170, 83, 41),
(171, 51, 41),
(172, 120, 41),
(173, 70, 41),
(174, 59, 42),
(175, 119, 42),
(176, 54, 42),
(177, 58, 42),
(178, 136, 43),
(179, 154, 43),
(180, 144, 43),
(181, 158, 43),
(182, 139, 44),
(183, 172, 44),
(184, 163, 44),
(185, 179, 44),
(186, 180, 45),
(187, 150, 45),
(188, 156, 45),
(189, 169, 45),
(190, 151, 45),
(191, 215, 46),
(192, 234, 46),
(193, 193, 46),
(194, 236, 46),
(195, 211, 47),
(196, 199, 47),
(197, 186, 47),
(198, 182, 47),
(199, 189, 48),
(200, 236, 48),
(201, 203, 48),
(202, 227, 48),
(203, 121, 49),
(204, 123, 49),
(205, 130, 49),
(206, 133, 49),
(207, 166, 50),
(208, 122, 50),
(209, 125, 50),
(212, 167, 50),
(213, 148, 51),
(214, 159, 51),
(215, 169, 51),
(216, 138, 51),
(217, 68, 52),
(218, 61, 52),
(219, 70, 52),
(220, 92, 52),
(221, 82, 53),
(222, 104, 53),
(223, 68, 53),
(224, 54, 53),
(225, 71, 53),
(226, 117, 54),
(227, 63, 54),
(228, 79, 54),
(229, 80, 54),
(230, 55, 54),
(231, 76, 55),
(232, 61, 55),
(233, 82, 55),
(234, 74, 55),
(235, 74, 56),
(236, 96, 56),
(237, 85, 56),
(238, 109, 56),
(239, 108, 57),
(240, 78, 57),
(241, 113, 57),
(242, 114, 57),
(243, 131, 58),
(244, 127, 58),
(245, 173, 58),
(246, 149, 58),
(247, 132, 59),
(248, 173, 59),
(249, 176, 59),
(250, 136, 59),
(251, 177, 60),
(252, 123, 60),
(253, 168, 60),
(254, 140, 60),
(255, 179, 60),
(256, 148, 61),
(257, 122, 61),
(258, 136, 61),
(259, 158, 61),
(260, 165, 62),
(261, 136, 62),
(262, 176, 62),
(263, 142, 62),
(264, 178, 63),
(265, 137, 63),
(266, 125, 63),
(267, 141, 63),
(268, 170, 63),
(269, 295, 64),
(270, 264, 64),
(271, 267, 64),
(272, 270, 64),
(273, 267, 65),
(274, 269, 65),
(275, 280, 65),
(276, 273, 65),
(277, 248, 66),
(278, 294, 66),
(279, 252, 66),
(280, 281, 66),
(281, 266, 66),
(282, 99, 67),
(283, 94, 67),
(284, 63, 67),
(285, 52, 67),
(286, 55, 68),
(287, 116, 68),
(288, 84, 68),
(289, 78, 68),
(290, 111, 69),
(291, 55, 69),
(292, 84, 69),
(293, 99, 69),
(294, 103, 69),
(295, 274, 70),
(296, 273, 70),
(297, 255, 70),
(298, 265, 70),
(299, 284, 71),
(300, 248, 71),
(301, 250, 71),
(302, 278, 71),
(304, 264, 72),
(305, 285, 72),
(306, 295, 72),
(307, 256, 72),
(308, 268, 72),
(309, 88, 73),
(310, 55, 73),
(311, 111, 73),
(312, 59, 73),
(313, 86, 74),
(314, 71, 74),
(315, 98, 74),
(316, 77, 74),
(317, 109, 75),
(318, 111, 75),
(319, 113, 75),
(320, 71, 75),
(321, 75, 75),
(322, 293, 76),
(323, 265, 76),
(324, 279, 76),
(325, 271, 76),
(326, 287, 77),
(327, 273, 77),
(328, 262, 77),
(329, 270, 77),
(330, 285, 78),
(331, 280, 78),
(332, 279, 78),
(333, 276, 78),
(334, 254, 78),
(335, 117, 79),
(336, 86, 79),
(337, 76, 79),
(338, 75, 79),
(339, 83, 80),
(340, 67, 80),
(341, 75, 80),
(342, 62, 80),
(343, 86, 81),
(344, 100, 81),
(345, 61, 81),
(346, 115, 81),
(347, 90, 81),
(348, 39, 82),
(349, 24, 82),
(350, 50, 82),
(351, 4, 82),
(352, 7, 83),
(353, 50, 83),
(354, 2, 83),
(355, 29, 83),
(356, 22, 84),
(357, 42, 84),
(358, 27, 84),
(359, 26, 84),
(360, 11, 84),
(361, 160, 85),
(362, 144, 85),
(363, 148, 85),
(364, 159, 85),
(365, 153, 86),
(366, 158, 86),
(367, 124, 86),
(368, 175, 86),
(369, 127, 87),
(370, 131, 87),
(371, 156, 87),
(372, 144, 87),
(373, 56, 88),
(374, 61, 88),
(375, 67, 88),
(376, 97, 88),
(377, 78, 89),
(378, 65, 89),
(379, 116, 89),
(380, 72, 89),
(381, 57, 90),
(382, 81, 90),
(383, 62, 90),
(384, 61, 90),
(385, 52, 91),
(386, 57, 91),
(387, 105, 91),
(388, 63, 91),
(389, 56, 92),
(390, 89, 92),
(391, 64, 92),
(392, 60, 92),
(393, 68, 93),
(394, 110, 93),
(395, 81, 93),
(396, 71, 93),
(397, 98, 93),
(398, 119, 94),
(399, 71, 94),
(400, 87, 94),
(401, 76, 94),
(402, 52, 95),
(403, 120, 95),
(404, 111, 95),
(405, 76, 95),
(406, 116, 96),
(407, 107, 96),
(408, 85, 96),
(409, 64, 96),
(410, 69, 96),
(411, 42, 97),
(412, 44, 97),
(413, 28, 97),
(414, 32, 97),
(415, 10, 98),
(416, 34, 98),
(417, 23, 98),
(418, 43, 98),
(419, 5, 99),
(420, 34, 99),
(421, 45, 99),
(422, 4, 99),
(423, 8, 99),
(424, 88, 100),
(425, 98, 100),
(426, 74, 100),
(427, 105, 100),
(428, 62, 101),
(429, 52, 101),
(450, 57, 101),
(451, 78, 101),
(452, 83, 102),
(453, 84, 102),
(454, 75, 102),
(455, 56, 102),
(456, 92, 103),
(457, 62, 103),
(458, 58, 103),
(459, 66, 103),
(460, 87, 104),
(461, 66, 104),
(462, 63, 104),
(463, 55, 104),
(464, 113, 105),
(465, 55, 105),
(466, 51, 105),
(467, 108, 105),
(468, 84, 106),
(469, 95, 106),
(470, 107, 106),
(471, 83, 106),
(472, 94, 107),
(473, 89, 107),
(474, 57, 107),
(475, 101, 107),
(476, 117, 108),
(477, 83, 108),
(478, 102, 108),
(479, 55, 108),
(480, 72, 108),
(481, 200, 109),
(482, 185, 109),
(483, 245, 109),
(484, 181, 109),
(485, 234, 110),
(486, 217, 110),
(487, 213, 110),
(488, 199, 110),
(489, 223, 111),
(490, 225, 111),
(491, 230, 111),
(492, 246, 111),
(493, 195, 111),
(494, 147, 112),
(495, 180, 112),
(496, 124, 112),
(497, 158, 112),
(498, 137, 113),
(499, 147, 113),
(500, 168, 113),
(501, 140, 113),
(502, 176, 114),
(503, 167, 114),
(504, 129, 114),
(505, 175, 114),
(506, 149, 114),
(507, 118, 115),
(508, 64, 115),
(509, 90, 115),
(510, 114, 115),
(511, 68, 116),
(512, 112, 116),
(513, 89, 116),
(514, 73, 116),
(515, 100, 117),
(516, 67, 117),
(517, 59, 117),
(518, 89, 117),
(519, 60, 117),
(520, 51, 118),
(521, 61, 118),
(522, 100, 118),
(523, 75, 118),
(524, 78, 119),
(525, 94, 119),
(526, 120, 119),
(527, 77, 119),
(528, 68, 120),
(529, 80, 120),
(530, 117, 120),
(531, 98, 120),
(532, 90, 121),
(533, 112, 121),
(534, 75, 121),
(535, 59, 121),
(536, 104, 122),
(537, 101, 122),
(538, 110, 122),
(539, 86, 122),
(540, 94, 123),
(541, 76, 123),
(542, 67, 123),
(543, 102, 123),
(544, 33, 124),
(545, 19, 124),
(546, 47, 124),
(547, 13, 124),
(548, 45, 125),
(549, 35, 125),
(550, 2, 125),
(551, 48, 125),
(552, 33, 126),
(553, 27, 126),
(554, 23, 126),
(555, 39, 126),
(556, 81, 127),
(557, 67, 127),
(558, 78, 127),
(559, 88, 127),
(560, 108, 128),
(561, 83, 128),
(562, 53, 128),
(563, 55, 128),
(564, 115, 129),
(565, 81, 129),
(566, 61, 129),
(567, 107, 129),
(568, 83, 130),
(569, 117, 130),
(570, 57, 130),
(571, 70, 130),
(572, 120, 131),
(573, 99, 131),
(574, 97, 131),
(575, 78, 131),
(576, 113, 132),
(577, 54, 132),
(578, 87, 132),
(579, 51, 132),
(580, 75, 132),
(581, 178, 133),
(582, 138, 133),
(583, 159, 133),
(584, 143, 133),
(585, 123, 134),
(586, 174, 134),
(587, 160, 134),
(588, 121, 134),
(589, 169, 135),
(590, 154, 135),
(591, 128, 135),
(592, 157, 135),
(593, 166, 135),
(594, 271, 136),
(595, 273, 136),
(596, 266, 136),
(597, 269, 136),
(598, 267, 137),
(599, 251, 137),
(600, 262, 137),
(601, 288, 137),
(602, 268, 138),
(603, 254, 138),
(604, 260, 138),
(605, 267, 138),
(606, 281, 138),
(607, 141, 139),
(608, 150, 139),
(609, 152, 139),
(610, 163, 139),
(611, 174, 140),
(612, 153, 140),
(613, 145, 140),
(614, 128, 140),
(615, 123, 141),
(616, 161, 141),
(617, 148, 141),
(618, 164, 141),
(619, 153, 141),
(620, 121, 142),
(621, 122, 142),
(622, 169, 142),
(623, 162, 142),
(624, 174, 143),
(625, 125, 143),
(626, 173, 143),
(627, 129, 143),
(628, 159, 143),
(629, 180, 144),
(630, 155, 144),
(631, 175, 144),
(632, 143, 144),
(633, 131, 144),
(634, 92, 145),
(635, 83, 145),
(636, 112, 145),
(637, 59, 145),
(638, 104, 146),
(639, 119, 146),
(640, 58, 146),
(641, 94, 146),
(642, 118, 147),
(643, 109, 147),
(644, 82, 147),
(645, 115, 147),
(646, 107, 147),
(647, 31, 148),
(648, 47, 148),
(649, 38, 148),
(650, 40, 148),
(651, 29, 149),
(652, 33, 149),
(653, 22, 149),
(654, 45, 149),
(655, 43, 149),
(656, 13, 150),
(657, 12, 150),
(658, 14, 150),
(659, 9, 150),
(660, 6, 150),
(661, 55, 151),
(662, 101, 151),
(663, 112, 151),
(664, 72, 151),
(665, 110, 151),
(666, 52, 152),
(667, 75, 152),
(668, 78, 152),
(669, 86, 152),
(670, 66, 152),
(671, 51, 153),
(672, 115, 153),
(673, 53, 153),
(674, 114, 153),
(675, 55, 153),
(676, 103, 154),
(677, 71, 154),
(678, 75, 154),
(679, 59, 154),
(680, 91, 155),
(681, 97, 155),
(682, 56, 155),
(683, 115, 155),
(684, 106, 156),
(685, 97, 156),
(686, 53, 156),
(687, 115, 156),
(688, 261, 157),
(689, 282, 157),
(690, 268, 157),
(691, 267, 157),
(692, 258, 158),
(693, 287, 158),
(694, 281, 158),
(695, 251, 158),
(696, 250, 159),
(697, 281, 159),
(698, 252, 159),
(699, 287, 159),
(700, 292, 159),
(701, 76, 160),
(702, 81, 160),
(703, 111, 160),
(704, 54, 160),
(705, 79, 161),
(706, 58, 161),
(707, 61, 161),
(708, 90, 161),
(709, 80, 162),
(710, 67, 162),
(711, 94, 162),
(712, 52, 162),
(713, 78, 162),
(714, 205, 163),
(715, 211, 163),
(716, 197, 163),
(717, 185, 163),
(718, 220, 164),
(719, 188, 164),
(720, 206, 164),
(721, 203, 164),
(722, 221, 164),
(723, 183, 165),
(724, 194, 165),
(725, 188, 165),
(726, 190, 165),
(727, 220, 165),
(728, 5, 166),
(729, 37, 166),
(730, 30, 166),
(731, 43, 166),
(732, 18, 167),
(733, 7, 167),
(734, 50, 167),
(735, 47, 167),
(736, 46, 168),
(737, 25, 168),
(738, 27, 168),
(740, 25, 168),
(741, 31, 168),
(742, 2, 168),
(743, 45, 168),
(744, 20, 168),
(745, 30, 168),
(746, 36, 168),
(747, 29, 168),
(748, 25, 169),
(749, 13, 169),
(750, 29, 169),
(751, 26, 169),
(752, 37, 170),
(753, 25, 170),
(754, 46, 170),
(755, 22, 170),
(756, 30, 171),
(757, 18, 171),
(758, 32, 171),
(759, 24, 171),
(760, 21, 172),
(761, 36, 172),
(762, 17, 172),
(763, 3, 172),
(764, 28, 173),
(765, 8, 173),
(766, 45, 173),
(767, 9, 173),
(768, 39, 174),
(769, 35, 174),
(770, 7, 174),
(771, 10, 174),
(772, 28, 175),
(773, 13, 175),
(774, 27, 175),
(775, 12, 175),
(776, 32, 176),
(777, 27, 176),
(778, 49, 176),
(779, 4, 176),
(780, 26, 177),
(781, 41, 177),
(782, 33, 177),
(783, 28, 177),
(784, 86, 178),
(785, 119, 178),
(786, 70, 178),
(787, 55, 178),
(788, 57, 179),
(789, 73, 179),
(790, 97, 179),
(791, 92, 179),
(792, 57, 180),
(793, 89, 180),
(794, 97, 180),
(795, 120, 180),
(796, 133, 181),
(797, 141, 181),
(798, 177, 181),
(799, 154, 181),
(800, 156, 182),
(801, 124, 182),
(802, 179, 182),
(803, 132, 182),
(804, 174, 183),
(805, 162, 183),
(806, 160, 183),
(807, 155, 183),
(808, 1, 184),
(809, 15, 184),
(810, 44, 184),
(811, 25, 184),
(812, 8, 185),
(813, 39, 185),
(814, 29, 185),
(815, 32, 185),
(816, 10, 186),
(817, 38, 186),
(818, 4, 186),
(819, 1, 186),
(820, 175, 187),
(821, 173, 187),
(822, 157, 187),
(823, 152, 187),
(824, 123, 188),
(825, 173, 188),
(826, 134, 188),
(827, 135, 188),
(828, 125, 189),
(829, 143, 189),
(830, 146, 189),
(831, 136, 189),
(832, 54, 190),
(833, 52, 190),
(834, 64, 190),
(835, 76, 190),
(836, 48, 191),
(837, 40, 191),
(838, 3, 191),
(839, 21, 191),
(840, 6, 192),
(841, 27, 192),
(842, 7, 192),
(843, 48, 192),
(844, 36, 193),
(845, 33, 193),
(846, 13, 193),
(847, 23, 193),
(848, 33, 194),
(849, 16, 194),
(850, 18, 194),
(851, 7, 194),
(852, 268, 195),
(853, 262, 195),
(854, 285, 195),
(855, 281, 195),
(856, 258, 196),
(857, 291, 196),
(858, 280, 196),
(859, 269, 196),
(860, 286, 197),
(861, 254, 197),
(862, 294, 197),
(863, 267, 197),
(864, 110, 198),
(865, 77, 198),
(866, 107, 198),
(867, 105, 198),
(868, 75, 199),
(869, 106, 199),
(870, 68, 199),
(871, 78, 199),
(872, 90, 200),
(873, 100, 200),
(874, 69, 200),
(875, 96, 200),
(876, 51, 201),
(877, 115, 201),
(878, 113, 201),
(879, 56, 201),
(880, 37, 202),
(881, 29, 202),
(882, 48, 202),
(883, 23, 202),
(884, 101, 203),
(885, 63, 203),
(886, 79, 203),
(887, 120, 203),
(888, 101, 204),
(889, 87, 204),
(890, 116, 204),
(891, 110, 204),
(892, 73, 205),
(893, 65, 205),
(894, 96, 205),
(895, 67, 205),
(896, 118, 206),
(897, 117, 206),
(898, 52, 206),
(899, 66, 206),
(900, 67, 207),
(901, 65, 207),
(902, 84, 207),
(903, 115, 207),
(904, 72, 208),
(905, 94, 208),
(906, 120, 208),
(907, 99, 208),
(908, 71, 209),
(909, 85, 209),
(910, 51, 209),
(911, 65, 209),
(912, 84, 210),
(913, 100, 210),
(914, 86, 210),
(915, 93, 210),
(916, 38, 211),
(917, 45, 211),
(918, 37, 211),
(919, 4, 211),
(920, 28, 212),
(921, 31, 212),
(922, 20, 212),
(923, 1, 212),
(924, 6, 213),
(925, 44, 213),
(926, 30, 213),
(927, 29, 213),
(928, 103, 214),
(929, 83, 214),
(930, 111, 214),
(931, 112, 214),
(932, 65, 215),
(933, 110, 215),
(934, 296, 215),
(935, 116, 215),
(936, 108, 216),
(937, 96, 216),
(938, 105, 216),
(939, 107, 216),
(940, 78, 216),
(941, 103, 217),
(942, 111, 217),
(943, 59, 217),
(944, 58, 217),
(945, 99, 218),
(946, 64, 218),
(947, 91, 218),
(948, 116, 218),
(949, 58, 219),
(950, 107, 219),
(951, 96, 219),
(952, 102, 219),
(953, 103, 220),
(954, 80, 220),
(955, 113, 220),
(956, 61, 220),
(957, 69, 221),
(958, 84, 221),
(959, 102, 221),
(960, 81, 221),
(961, 114, 221),
(962, 97, 222),
(963, 63, 222),
(964, 53, 222),
(965, 96, 222),
(966, 78, 222),
(967, 82, 223),
(968, 103, 223),
(969, 71, 223),
(970, 76, 223),
(971, 54, 224),
(972, 103, 224),
(973, 93, 224),
(974, 119, 224),
(975, 111, 224),
(976, 63, 225),
(977, 92, 225),
(978, 93, 225),
(979, 68, 225),
(980, 67, 225),
(981, 94, 226),
(982, 60, 226),
(983, 92, 226),
(984, 105, 226),
(985, 86, 226),
(986, 88, 227),
(987, 92, 227),
(988, 59, 227),
(989, 105, 227),
(990, 101, 227),
(991, 67, 228),
(992, 101, 228),
(993, 81, 228),
(994, 109, 228),
(995, 103, 229),
(996, 83, 229),
(997, 56, 229),
(998, 118, 229),
(999, 58, 230),
(1000, 53, 230),
(1001, 83, 230),
(1002, 89, 230),
(1003, 51, 230),
(1004, 30, 231),
(1005, 37, 231),
(1006, 46, 231),
(1007, 49, 231),
(1008, 46, 232),
(1009, 42, 232),
(1010, 10, 232),
(1011, 12, 232),
(1012, 18, 233),
(1013, 4, 233),
(1014, 26, 233),
(1015, 49, 233),
(1016, 59, 234),
(1017, 112, 234),
(1018, 66, 234),
(1019, 56, 234),
(1020, 119, 235),
(1021, 62, 235),
(1022, 63, 235),
(1023, 84, 235),
(1024, 102, 235),
(1025, 80, 236),
(1026, 90, 236),
(1027, 81, 236),
(1028, 100, 236),
(1029, 69, 236),
(1030, 54, 237),
(1031, 119, 237),
(1032, 107, 237),
(1033, 66, 237),
(1034, 92, 237),
(1035, 99, 238),
(1036, 296, 238),
(1037, 118, 238),
(1038, 93, 238),
(1039, 61, 238),
(1040, 66, 239),
(1041, 107, 239),
(1042, 55, 239),
(1043, 67, 239),
(1044, 84, 239),
(1045, 99, 240),
(1046, 119, 240),
(1047, 115, 240),
(1048, 77, 240),
(1049, 64, 242),
(1050, 72, 242),
(1051, 92, 242),
(1052, 53, 242),
(1053, 85, 244),
(1054, 90, 244),
(1055, 60, 244),
(1056, 108, 244),
(1057, 77, 246),
(1058, 118, 246),
(1059, 60, 246),
(1060, 105, 246),
(1061, 59, 247),
(1062, 90, 247),
(1063, 104, 247),
(1064, 115, 247),
(1065, 99, 248),
(1066, 70, 248),
(1067, 104, 248),
(1068, 82, 248),
(1069, 115, 249),
(1070, 120, 249),
(1071, 76, 249),
(1072, 89, 249),
(1073, 100, 250),
(1074, 119, 250),
(1075, 84, 250),
(1076, 69, 250),
(1077, 119, 251),
(1078, 66, 251),
(1079, 63, 251),
(1080, 102, 251),
(1081, 193, 252),
(1082, 214, 252),
(1083, 228, 252),
(1084, 207, 252),
(1085, 186, 253),
(1086, 219, 253),
(1087, 245, 253),
(1088, 194, 253),
(1089, 94, 254),
(1090, 113, 254),
(1091, 99, 254),
(1092, 90, 254),
(1093, 73, 255),
(1094, 92, 255),
(1095, 66, 255),
(1096, 54, 255),
(1097, 111, 256),
(1098, 120, 256),
(1099, 85, 256),
(1100, 99, 256),
(1101, 86, 257),
(1102, 106, 257),
(1103, 96, 257),
(1104, 114, 257),
(1105, 166, 259),
(1106, 151, 259),
(1107, 146, 259),
(1108, 137, 259),
(1109, 128, 260),
(1110, 161, 260),
(1111, 122, 260),
(1112, 167, 260),
(1113, 172, 261),
(1114, 136, 261),
(1115, 128, 261),
(1116, 147, 261),
(1117, 50, 262),
(1118, 28, 262),
(1119, 17, 262),
(1120, 27, 262),
(1121, 45, 263),
(1122, 21, 263),
(1123, 23, 263),
(1124, 12, 263),
(1125, 18, 264),
(1126, 44, 264),
(1127, 38, 264),
(1128, 19, 264),
(1129, 26, 265),
(1130, 15, 265),
(1131, 47, 265),
(1132, 40, 265),
(1133, 18, 266),
(1134, 47, 266),
(1135, 48, 266),
(1136, 21, 266),
(1137, 19, 267),
(1138, 2, 267),
(1139, 45, 267),
(1140, 16, 267),
(1141, 50, 268),
(1142, 45, 268),
(1143, 7, 268),
(1144, 3, 268),
(1145, 10, 269),
(1146, 37, 269),
(1147, 1, 269),
(1148, 36, 269),
(1149, 28, 270),
(1150, 41, 270),
(1151, 4, 270),
(1152, 18, 270),
(1153, 45, 271),
(1154, 50, 271),
(1155, 36, 271),
(1156, 27, 271),
(1157, 45, 272),
(1158, 5, 272),
(1159, 10, 272),
(1160, 42, 272),
(1161, 21, 273),
(1162, 22, 273),
(1163, 6, 273),
(1164, 10, 273),
(1165, 36, 274),
(1166, 48, 274),
(1167, 46, 274),
(1168, 21, 274),
(1169, 23, 275),
(1170, 35, 275),
(1171, 18, 275),
(1172, 14, 275),
(1173, 16, 276),
(1174, 7, 276),
(1175, 1, 276),
(1176, 24, 276),
(1177, 19, 277),
(1178, 17, 277),
(1179, 28, 277),
(1180, 40, 277),
(1181, 36, 278),
(1182, 25, 278),
(1183, 28, 278),
(1184, 12, 278),
(1185, 15, 279),
(1186, 41, 279),
(1187, 48, 279),
(1188, 10, 279),
(1189, 33, 280),
(1190, 36, 280),
(1191, 47, 280),
(1192, 19, 280),
(1193, 33, 281),
(1194, 26, 281),
(1195, 44, 281),
(1196, 5, 281),
(1197, 38, 282),
(1198, 50, 282),
(1199, 41, 282),
(1200, 31, 282),
(1201, 20, 283),
(1202, 19, 283),
(1203, 36, 283),
(1204, 15, 283),
(1205, 31, 284),
(1206, 17, 284),
(1207, 34, 284),
(1208, 26, 284),
(1209, 23, 285),
(1210, 15, 285),
(1211, 10, 285),
(1212, 37, 285),
(1213, 19, 286),
(1214, 40, 286),
(1215, 7, 286),
(1216, 33, 286),
(1217, 23, 287),
(1218, 6, 287),
(1219, 44, 287),
(1220, 29, 287),
(1221, 23, 287),
(1222, 22, 287),
(1223, 8, 287),
(1224, 20, 287),
(1225, 39, 287),
(1226, 15, 287),
(1227, 38, 287),
(1228, 50, 287),
(1229, 4, 287),
(1230, 17, 287),
(1231, 41, 287),
(1232, 11, 287),
(1233, 26, 288),
(1234, 13, 288),
(1235, 49, 288),
(1236, 39, 288),
(1237, 32, 289),
(1238, 43, 289),
(1239, 48, 289),
(1240, 37, 289),
(1241, 19, 290),
(1242, 10, 290),
(1243, 30, 290),
(1244, 15, 290),
(1245, 7, 290),
(1246, 13, 290),
(1247, 5, 290),
(1248, 10, 290),
(1249, 23, 291),
(1250, 25, 291),
(1251, 30, 291),
(1252, 40, 291),
(1253, 38, 292),
(1254, 7, 292),
(1255, 21, 292),
(1256, 6, 292),
(1257, 22, 293),
(1258, 47, 293),
(1259, 24, 293),
(1260, 5, 293),
(1261, 49, 294),
(1262, 34, 294),
(1263, 31, 294),
(1264, 17, 294),
(1265, 9, 295),
(1266, 19, 295),
(1267, 3, 295),
(1268, 48, 295),
(1269, 20, 306),
(1270, 6, 306),
(1271, 44, 306),
(1272, 8, 306),
(1273, 48, 307),
(1274, 19, 307),
(1275, 27, 307),
(1276, 16, 307),
(1277, 47, 315),
(1278, 30, 315),
(1279, 17, 315),
(1280, 24, 315),
(1281, 17, 316),
(1282, 9, 316),
(1283, 8, 316),
(1284, 22, 316),
(1285, 40, 317),
(1286, 45, 317),
(1287, 33, 317),
(1288, 21, 317),
(1289, 1, 319),
(1290, 45, 319),
(1291, 37, 319),
(1292, 41, 319),
(1293, 12, 320),
(1294, 11, 320),
(1295, 40, 320),
(1296, 43, 320),
(1297, 2, 321),
(1298, 15, 321),
(1299, 21, 321),
(1300, 37, 321),
(1301, 37, 322),
(1302, 48, 322),
(1303, 46, 322),
(1304, 4, 322),
(1305, 31, 323),
(1306, 6, 323),
(1307, 41, 323),
(1308, 37, 323),
(1309, 2, 324),
(1310, 21, 324),
(1311, 12, 324),
(1312, 29, 324),
(1313, 31, 325),
(1314, 44, 325),
(1315, 45, 325),
(1316, 37, 325),
(1317, 23, 327),
(1318, 6, 327),
(1319, 26, 327),
(1320, 31, 327),
(1321, 20, 328),
(1322, 10, 328),
(1323, 37, 328),
(1324, 16, 328),
(1325, 39, 329),
(1326, 30, 329),
(1327, 36, 329),
(1328, 33, 329),
(1329, 29, 331),
(1330, 32, 331),
(1331, 23, 331),
(1332, 48, 331),
(1333, 12, 332),
(1334, 17, 332),
(1335, 35, 332),
(1336, 10, 332),
(1337, 11, 333),
(1338, 32, 333),
(1339, 40, 333),
(1340, 44, 333),
(1341, 10, 334),
(1342, 36, 334),
(1343, 12, 334),
(1344, 25, 334),
(1345, 9, 335),
(1346, 44, 335),
(1347, 40, 335),
(1348, 23, 335),
(1349, 19, 336),
(1350, 11, 336),
(1351, 48, 336),
(1352, 6, 336),
(1353, 21, 337),
(1354, 15, 337),
(1355, 22, 337),
(1356, 12, 337),
(1357, 4, 338),
(1358, 9, 338),
(1359, 3, 338),
(1360, 22, 338),
(1361, 5, 339),
(1362, 13, 339),
(1363, 44, 339),
(1364, 35, 339),
(1365, 10, 340),
(1366, 19, 340),
(1367, 35, 340),
(1368, 36, 340),
(1369, 1, 341),
(1370, 44, 341),
(1371, 43, 341),
(1372, 21, 341),
(1373, 25, 342),
(1374, 13, 342),
(1375, 12, 342),
(1376, 23, 342),
(1377, 41, 343),
(1378, 46, 343),
(1379, 16, 343),
(1380, 43, 343),
(1381, 35, 344),
(1382, 43, 344),
(1383, 39, 344),
(1384, 37, 344),
(1385, 33, 345),
(1386, 43, 345),
(1387, 7, 345),
(1388, 36, 345),
(1389, 13, 346),
(1390, 7, 346),
(1391, 45, 346),
(1392, 40, 346),
(1393, 41, 347),
(1394, 15, 347),
(1395, 12, 347),
(1396, 36, 347),
(1397, 9, 348),
(1398, 7, 348),
(1399, 34, 348),
(1400, 13, 348),
(1401, 20, 349),
(1402, 13, 349),
(1403, 31, 349),
(1404, 12, 349),
(1405, 17, 350),
(1406, 16, 350),
(1407, 18, 350),
(1408, 21, 350),
(1409, 1, 351),
(1410, 11, 351),
(1411, 33, 351),
(1412, 44, 351),
(1413, 45, 352),
(1414, 26, 352),
(1415, 20, 352),
(1416, 6, 352),
(1417, 23, 353),
(1418, 7, 353),
(1419, 30, 353),
(1420, 42, 353),
(1421, 42, 354),
(1422, 14, 354),
(1423, 11, 354),
(1424, 47, 354),
(1425, 18, 355),
(1426, 45, 355),
(1427, 48, 355),
(1428, 50, 355),
(1429, 4, 355),
(1430, 41, 355),
(1431, 42, 355),
(1432, 18, 355),
(1433, 7, 355),
(1434, 40, 355),
(1435, 41, 355),
(1436, 47, 355),
(1437, 50, 355),
(1438, 43, 355),
(1439, 15, 355),
(1440, 23, 355),
(1441, 38, 355),
(1442, 17, 355),
(1443, 42, 355),
(1444, 25, 355),
(1445, 27, 355),
(1446, 20, 355),
(1447, 18, 355),
(1448, 48, 355),
(1449, 36, 355),
(1450, 22, 355),
(1451, 30, 355),
(1452, 41, 355),
(1453, 11, 355),
(1454, 13, 355),
(1455, 15, 355),
(1456, 28, 355),
(1457, 8, 356),
(1458, 17, 356),
(1459, 40, 356),
(1460, 27, 356),
(1461, 17, 357),
(1462, 25, 357),
(1463, 34, 357),
(1464, 28, 357),
(1465, 48, 357),
(1466, 23, 357),
(1467, 3, 357),
(1468, 36, 357),
(1469, 36, 357),
(1470, 15, 357),
(1471, 7, 357),
(1472, 8, 357),
(1473, 32, 357),
(1474, 33, 357),
(1475, 20, 357),
(1476, 44, 357),
(1477, 48, 357),
(1478, 7, 357),
(1479, 24, 357),
(1480, 3, 357),
(1481, 7, 357),
(1482, 16, 357),
(1483, 24, 357),
(1484, 43, 357),
(1485, 5, 357),
(1486, 35, 357),
(1487, 23, 357),
(1488, 40, 357),
(1489, 42, 357),
(1490, 14, 357),
(1491, 1, 357),
(1492, 19, 357),
(1493, 22, 357),
(1494, 40, 357),
(1495, 14, 357),
(1496, 35, 357),
(1497, 25, 357),
(1498, 34, 357),
(1499, 30, 357),
(1500, 10, 357),
(1501, 38, 357),
(1502, 13, 357),
(1503, 30, 357),
(1504, 14, 357),
(1505, 18, 357),
(1506, 9, 357),
(1507, 34, 357),
(1508, 50, 357),
(1509, 29, 358),
(1510, 13, 358),
(1511, 10, 358),
(1512, 20, 358),
(1513, 41, 358),
(1514, 2, 358),
(1515, 3, 358),
(1516, 5, 358),
(1517, 42, 358),
(1518, 22, 358),
(1519, 45, 358),
(1520, 2, 358),
(1521, 25, 358),
(1522, 40, 358),
(1523, 34, 358),
(1524, 27, 358),
(1525, 40, 358),
(1526, 37, 358),
(1527, 14, 358),
(1528, 29, 358),
(1529, 47, 358),
(1530, 11, 358),
(1531, 38, 358),
(1532, 33, 358),
(1533, 13, 358),
(1534, 20, 358),
(1535, 5, 358),
(1536, 27, 358),
(1537, 12, 358),
(1538, 45, 358),
(1539, 17, 358),
(1540, 31, 358),
(1541, 35, 359),
(1542, 10, 359),
(1543, 23, 359),
(1544, 34, 359),
(1545, 42, 360),
(1546, 22, 360),
(1547, 39, 360),
(1548, 15, 360),
(1549, 49, 361),
(1550, 46, 361),
(1551, 32, 361),
(1552, 18, 361),
(1553, 22, 362),
(1554, 39, 362),
(1555, 33, 362),
(1556, 24, 362),
(1557, 16, 363),
(1558, 28, 363),
(1559, 5, 363),
(1560, 44, 363),
(1561, 38, 364),
(1562, 27, 364),
(1563, 33, 364),
(1564, 23, 364),
(1565, 25, 365),
(1566, 20, 365),
(1567, 10, 365),
(1568, 6, 365),
(1569, 29, 365),
(1570, 23, 365),
(1571, 6, 365),
(1572, 42, 365),
(1573, 40, 365),
(1574, 24, 365),
(1575, 43, 365),
(1576, 35, 365),
(1577, 43, 366),
(1578, 36, 366),
(1579, 47, 366),
(1580, 46, 366),
(1581, 16, 367),
(1582, 32, 367),
(1583, 10, 367),
(1584, 33, 367),
(1585, 10, 368),
(1586, 18, 368),
(1587, 27, 368),
(1588, 40, 368),
(1589, 16, 368),
(1590, 47, 368),
(1591, 45, 368),
(1592, 44, 368),
(1593, 41, 369),
(1594, 9, 369),
(1595, 42, 369),
(1596, 47, 369),
(1597, 16, 370),
(1598, 28, 370),
(1599, 23, 370),
(1600, 42, 370),
(1601, 44, 371),
(1602, 19, 371),
(1603, 3, 371),
(1604, 23, 371),
(1605, 9, 372),
(1606, 48, 372),
(1607, 20, 372),
(1608, 13, 372),
(1609, 28, 372),
(1610, 19, 373),
(1611, 2, 373),
(1612, 1, 373),
(1613, 43, 373),
(1614, 29, 374),
(1615, 19, 374),
(1616, 33, 374),
(1617, 23, 374),
(1618, 40, 375),
(1619, 49, 375),
(1620, 38, 375),
(1621, 43, 375),
(1622, 43, 376),
(1623, 35, 376),
(1624, 16, 376),
(1625, 1, 376),
(1626, 2, 377),
(1627, 18, 377),
(1628, 43, 377),
(1629, 50, 377),
(1630, 47, 378),
(1631, 40, 378),
(1632, 49, 378),
(1633, 16, 378),
(1634, 44, 379),
(1635, 9, 379),
(1636, 27, 379),
(1637, 22, 379),
(1638, 39, 380),
(1639, 33, 380),
(1640, 38, 380),
(1641, 30, 380),
(1642, 15, 381),
(1643, 35, 381),
(1644, 20, 381),
(1645, 22, 381),
(1646, 24, 382),
(1647, 25, 382),
(1648, 26, 382),
(1649, 42, 382),
(1650, 34, 383),
(1651, 27, 383),
(1652, 19, 383),
(1653, 16, 383),
(1654, 44, 384),
(1655, 9, 384),
(1656, 2, 384),
(1657, 15, 384),
(1658, 24, 384),
(1659, 19, 385),
(1660, 45, 385),
(1661, 49, 385),
(1662, 39, 385),
(1663, 4, 386),
(1664, 28, 386),
(1665, 23, 386),
(1666, 31, 386),
(1667, 36, 387),
(1668, 12, 387),
(1669, 25, 387),
(1670, 50, 387),
(1671, 21, 387),
(1672, 36, 388),
(1673, 15, 388),
(1674, 26, 388),
(1675, 34, 388),
(1676, 27, 388),
(1677, 22, 389),
(1678, 8, 389),
(1679, 39, 389),
(1680, 47, 389),
(1681, 40, 389),
(1682, 38, 390),
(1683, 3, 390),
(1684, 15, 390),
(1685, 16, 390),
(1686, 42, 391),
(1687, 1, 391),
(1688, 13, 391),
(1689, 21, 391),
(1690, 35, 391),
(1691, 19, 392),
(1692, 45, 392),
(1693, 20, 392),
(1694, 33, 392),
(1695, 22, 392),
(1696, 1, 393),
(1697, 5, 393),
(1698, 28, 393),
(1699, 10, 393),
(1700, 19, 393),
(1701, 34, 394),
(1702, 32, 394),
(1703, 5, 394),
(1704, 21, 394),
(1705, 42, 395),
(1706, 18, 395),
(1707, 29, 395),
(1708, 13, 395),
(1709, 41, 396),
(1710, 48, 396),
(1711, 26, 396),
(1712, 3, 396),
(1713, 15, 397),
(1714, 4, 397),
(1715, 14, 397),
(1716, 19, 397),
(1717, 22, 398),
(1718, 41, 398),
(1719, 32, 398),
(1720, 6, 398),
(1721, 31, 399),
(1722, 14, 399),
(1723, 34, 399),
(1724, 5, 399),
(1725, 48, 400),
(1726, 8, 400),
(1727, 47, 400),
(1728, 43, 400),
(1729, 23, 401),
(1730, 31, 401),
(1731, 40, 401),
(1732, 44, 401),
(1733, 39, 402),
(1734, 10, 402),
(1735, 12, 402),
(1736, 22, 402),
(1737, 6, 402),
(1738, 46, 402),
(1739, 16, 402),
(1740, 36, 402),
(1741, 31, 402);

--
-- Disparadores `fichaspregunta`
--
DROP TRIGGER IF EXISTS `trggBeforeInsertFichaspregunta`;
DELIMITER //
CREATE TRIGGER `trggBeforeInsertFichaspregunta` BEFORE INSERT ON `fichaspregunta`
 FOR EACH ROW begin
set @ultimoCodigo=(select max(idFichaInt) from fichaspregunta);
if @ultimoCodigo is null then
	set @ultimoCodigo=0;
end if;
set @codigo=(@ultimoCodigo)+1;
set NEW.idFichaInt=(select @codigo);
end
//
DELIMITER ;

-- --------------------------------------------------------

--
-- Estructura de tabla para la tabla `item`
--

CREATE TABLE IF NOT EXISTS `item` (
  `idItem` int(11) NOT NULL,
  `nombreItem` varchar(200) NOT NULL,
  `imgItem` varchar(150) NOT NULL,
  `traduccion` varchar(200) NOT NULL,
  `preguntaItem` int(11) NOT NULL,
  `estado` tinyint(1) NOT NULL,
  PRIMARY KEY (`idItem`),
  KEY `idPregunta` (`preguntaItem`)
) ENGINE=InnoDB DEFAULT CHARSET=latin1;

--
-- Volcado de datos para la tabla `item`
--

INSERT INTO `item` (`idItem`, `nombreItem`, `imgItem`, `traduccion`, `preguntaItem`, `estado`) VALUES
(1, 'Bread', 'bread.jpg', 'pan', 1, 1),
(3, 'itemTesting', 'itemtestingpng.png', 'translate', 7, 1),
(4, 'itemTesting2', 'developer_icon.png', 'translate', 7, 1),
(5, 'itemTesting', 'itemtestingpng_1.png', 'translate', 8, 1),
(6, 'itemTesting2', 'developer_icon_1.png', 'translate', 8, 1),
(7, 'itemTesting3', 'icon_allergy-150x150_4.png', 'translate', 9, 1),
(8, 'potato', 'potato.jpg', 'papa', 2, 1),
(10, 'Rice', 'rice_1.jpg', 'arroz', 2, 1),
(11, 'bread', 'la-gallinita-roja_3.png', 'pan', 4, 1),
(12, 'potato', 'potato_1.jpg', 'papa', 1, 1),
(13, 'Orange', 'Oranges_1.png', 'naranja', 1, 1),
(14, 'Rice', 'rice_2.jpg', 'arroz', 5, 1),
(15, 'bread', 'bread_2.jpg', 'pan', 3, 1),
(16, 'potato', 'potato_2.jpg', 'papa', 3, 1),
(17, 'Orange', 'Oranges_2.png', 'naranja', 3, 1),
(18, 'Rice', 'rice_3.jpg', 'arroz', 3, 1),
(19, 'Rice', 'rice_6.jpg', 'Arroz', 1, 1),
(20, 'bread', 'bread_3.jpg', 'pan', 2, 1),
(21, 'conceptoCarga6', 'img.png', 'traduccion', 11, 1),
(22, 'conceptoCarga2', 'img1.png', 'traduccion', 11, 1),
(23, 'nombreItem2', 'img2.png', 'traduccion2', 11, 1),
(24, 'conceptoCarga6', 'img.png', 'traduccion', 12, 1),
(25, 'nombreItem1', 'img1.png', 'traduccion', 12, 1),
(26, 'nombreItem2', 'img2.png', 'traduccion2', 12, 1),
(27, 'conceptoCarga1', 'img.png', 'traduccion', 13, 1),
(28, 'conceptoCarga5', 'img1.png', 'traduccion', 13, 1),
(29, 'conceptoCarga4', 'img.png', 'traduccion', 14, 1),
(30, 'conceptoCarga1', 'img.png', 'traduccion', 15, 1);

--
-- Disparadores `item`
--
DROP TRIGGER IF EXISTS `trggBeforeInsertItem`;
DELIMITER //
CREATE TRIGGER `trggBeforeInsertItem` BEFORE INSERT ON `item`
 FOR EACH ROW begin
set @ultimoCodigo=(select max(idItem) from item);
if @ultimoCodigo is null then
	set @ultimoCodigo=0;
end if;
set @codigo=(@ultimoCodigo)+1;
set NEW.idItem=(select @codigo);
end
//
DELIMITER ;

-- --------------------------------------------------------

--
-- Estructura de tabla para la tabla `pregunta`
--

CREATE TABLE IF NOT EXISTS `pregunta` (
  `idPregunta` int(11) NOT NULL,
  `enunciado` varchar(250) NOT NULL,
  `dificultad` double NOT NULL,
  `fDescuido` double NOT NULL,
  `indiceDis` double NOT NULL,
  `nombrePreg` varchar(11) NOT NULL,
  `estado` tinyint(1) NOT NULL,
  PRIMARY KEY (`idPregunta`)
) ENGINE=InnoDB DEFAULT CHARSET=latin1;

--
-- Volcado de datos para la tabla `pregunta`
--

INSERT INTO `pregunta` (`idPregunta`, `enunciado`, `dificultad`, `fDescuido`, `indiceDis`, `nombrePreg`, `estado`) VALUES
(1, 'What about food?', 2, 0.2, 0.2, 'Preg1', 1),
(2, 'This is', 2, 0.001, 0.2, 'Preg2', 1),
(3, 'What is an orange?', 3, 0.01, 1.2, 'Preg3', 1),
(4, 'The chicken making..?', 4, 0.001, 2, 'Preg4', 1),
(5, 'How do you say "Arroz" in English?', 3, 0.001, 1.2, 'Preg5', 1),
(6, 'Pregunta testing', 2, 0.2, 0.2, 'Preg6', 1),
(7, 'Pregunta Testing', 3, 0.001, 1.2, 'Preg7', 1),
(8, 'PreguntaTesting', 3, 0.01, 1.2, 'Preg8', 1),
(9, 'Pregunta Testing 1', 4, 0.001, 2, 'Preg9', 1),
(10, 'ENUNCIADO PREGUNTA 1', 2, 0.2, 0.2, 'Preg10', 1),
(11, 'ENUNCIADO PREGUNTA 1', 2, 0.2, 0.2, 'Preg11', 1),
(12, 'ENUNCIADO PREGUNTA 2', 3, 0.01, 1.2, 'Preg12', 1),
(13, 'ENUNCIADO PREGUNTA 3', 2, 0.001, 0.2, 'Preg13', 1),
(14, 'ENUNCIADO PREGUNTA 4', 3, 0.001, 1.2, 'Preg14', 1),
(15, 'ENUNCIADO PREGUNTA 5', 4, 0.001, 2, 'Preg15', 1);

--
-- Disparadores `pregunta`
--
DROP TRIGGER IF EXISTS `trggBeforeInsertPregunta`;
DELIMITER //
CREATE TRIGGER `trggBeforeInsertPregunta` BEFORE INSERT ON `pregunta`
 FOR EACH ROW begin
set @ultimoCodigo=(select max(idPregunta) from pregunta);
if @ultimoCodigo is null then
	set @ultimoCodigo=0;
end if;
set @codigo=(@ultimoCodigo)+1;
set NEW.idPregunta=(select @codigo);
set NEW.nombrePreg=(CONCAT('Preg', @codigo));
end
//
DELIMITER ;

-- --------------------------------------------------------

--
-- Estructura de tabla para la tabla `preguntaentrenar`
--

CREATE TABLE IF NOT EXISTS `preguntaentrenar` (
  `idInt` int(11) NOT NULL,
  `fecha` timestamp NOT NULL DEFAULT CURRENT_TIMESTAMP,
  `identrenar` int(11) NOT NULL,
  `valor` int(11) NOT NULL,
  `incorrecto` int(11) NOT NULL,
  PRIMARY KEY (`idInt`),
  KEY `idEntrena` (`identrenar`)
) ENGINE=InnoDB DEFAULT CHARSET=latin1;

--
-- Volcado de datos para la tabla `preguntaentrenar`
--

INSERT INTO `preguntaentrenar` (`idInt`, `fecha`, `identrenar`, `valor`, `incorrecto`) VALUES
(1, '2015-12-14 14:30:13', 1, 200, 0),
(2, '2015-12-14 14:32:11', 1, 150, 2),
(3, '2015-12-14 14:33:43', 1, 200, 0),
(4, '2015-12-14 14:31:45', 2, 200, 0),
(5, '2015-12-14 14:33:15', 2, 450, 0),
(6, '2015-12-14 14:34:44', 2, 600, 0),
(7, '2015-12-14 14:37:58', 3, 0, 3),
(8, '2015-12-14 14:38:21', 3, 0, 3),
(9, '2015-12-14 14:39:26', 3, 200, 0),
(10, '2015-12-14 14:42:05', 4, 200, 0),
(11, '2015-12-14 14:45:57', 4, 450, 0),
(12, '2015-12-14 14:46:14', 4, 600, 0),
(13, '2015-12-14 14:45:31', 5, 200, 0),
(14, '2015-12-14 14:46:40', 5, 450, 0),
(15, '2015-12-14 14:48:48', 5, 200, 4),
(16, '2015-12-14 14:49:09', 6, 200, 0),
(17, '2015-12-14 14:50:19', 6, 300, 2),
(18, '2015-12-14 14:52:32', 6, 150, 2),
(19, '2015-12-14 14:49:13', 7, 200, 0),
(20, '2015-12-14 14:52:00', 7, 450, 0),
(21, '2015-12-14 14:53:11', 7, 0, 3),
(22, '2015-12-14 14:52:49', 8, 200, 0),
(23, '2015-12-14 14:54:34', 8, 150, 2),
(24, '2015-12-14 14:55:23', 8, 100, 2),
(25, '2015-12-14 14:55:02', 9, 200, 0),
(26, '2015-12-14 14:56:23', 9, 150, 2),
(27, '2015-12-14 14:59:22', 9, 100, 2),
(28, '2015-12-14 14:56:02', 10, 200, 0),
(29, '2015-12-14 14:58:40', 10, 450, 0),
(30, '2015-12-14 14:59:15', 10, 400, 1),
(31, '2015-12-14 15:01:04', 11, 200, 0),
(32, '2015-12-14 15:05:57', 11, 450, 0),
(33, '2015-12-14 15:06:07', 11, 400, 1),
(34, '2015-12-15 16:50:27', 16, 200, 0),
(35, '2015-12-15 16:51:54', 16, 150, 2),
(36, '2015-12-15 16:53:39', 16, 0, 3),
(37, '2015-12-15 16:51:51', 17, 200, 0),
(38, '2015-12-15 16:53:20', 17, 450, 0),
(39, '2015-12-15 16:55:43', 17, 200, 2),
(40, '2015-12-15 16:56:18', 20, 200, 0),
(41, '2015-12-15 16:58:14', 20, 300, 2),
(42, '2015-12-15 16:59:36', 20, 450, 0),
(43, '2015-12-15 16:58:20', 21, 200, 0),
(44, '2015-12-15 16:59:17', 21, 450, 0),
(45, '2015-12-15 17:02:38', 21, 400, 1),
(46, '2015-12-15 16:59:04', 22, 200, 0),
(47, '2015-12-15 17:02:30', 22, 300, 2),
(48, '2015-12-15 17:06:16', 22, 300, 2),
(49, '2015-12-15 16:54:44', 18, 200, 0),
(50, '2015-12-15 16:56:12', 18, 300, 2),
(51, '2015-12-15 16:58:41', 18, 150, 2),
(52, '2015-12-15 16:54:54', 19, 450, 0),
(53, '2015-12-15 16:57:12', 19, 400, 1),
(54, '2015-12-15 16:59:06', 19, 400, 1),
(55, '2015-12-15 16:38:28', 12, 200, 0),
(56, '2015-12-15 16:40:31', 12, 150, 2),
(57, '2015-12-15 16:41:42', 12, 0, 2),
(58, '2015-12-15 16:44:54', 13, 200, 0),
(59, '2015-12-15 16:46:41', 13, 450, 0),
(60, '2015-12-15 16:48:05', 13, 0, 4),
(61, '2015-12-26 16:32:10', 14, 200, 0),
(62, '2015-12-26 16:32:28', 14, 450, 0),
(63, '2015-12-26 16:34:09', 14, 0, 3),
(64, '2015-12-15 16:49:14', 15, 200, 0),
(65, '2015-12-15 16:50:27', 15, 450, 0),
(66, '2015-12-15 16:52:16', 15, 600, 0),
(67, '2015-12-16 16:34:15', 23, 200, 0),
(68, '2015-12-16 16:36:42', 23, 450, 0),
(69, '2015-12-16 16:38:23', 23, 200, 2),
(70, '2015-12-16 16:35:16', 24, 200, 0),
(71, '2015-12-16 16:39:43', 24, 450, 0),
(72, '2015-12-16 16:40:27', 24, 0, 3),
(73, '2015-12-16 16:40:38', 25, 200, 0),
(74, '2015-12-16 16:41:21', 25, 450, 0),
(75, '2015-12-16 16:43:45', 25, 200, 2),
(76, '2015-12-16 16:45:53', 26, 200, 0),
(77, '2015-12-16 16:47:19', 26, 450, 0),
(78, '2015-12-16 16:48:33', 26, 400, 1),
(79, '2015-12-16 16:49:39', 27, 200, 0),
(80, '2015-12-16 16:50:07', 27, 450, 0),
(81, '2015-12-16 16:51:17', 27, 200, 4),
(82, '2015-12-16 16:54:27', 28, 200, 0),
(83, '2015-12-16 16:56:29', 28, 450, 0),
(84, '2015-12-16 16:58:45', 28, 400, 1),
(85, '2015-12-16 16:59:56', 29, 200, 0),
(86, '2015-12-16 17:01:06', 29, 300, 2),
(87, '2015-12-16 17:04:51', 29, 300, 2),
(88, '2015-12-16 17:03:58', 30, 200, 0),
(89, '2015-12-16 17:05:12', 30, 300, 2),
(90, '2015-12-16 17:06:32', 30, 150, 2),
(91, '2015-12-16 17:04:57', 31, 200, 0),
(92, '2015-12-16 17:05:01', 31, 450, 0),
(93, '2015-12-16 17:07:13', 31, 400, 1),
(94, '2015-12-16 17:09:58', 32, 200, 0),
(95, '2015-12-16 17:10:07', 32, 450, 0),
(96, '2015-12-16 17:11:22', 32, 200, 4),
(97, '2015-12-16 17:13:54', 33, 200, 0),
(98, '2015-12-16 17:15:36', 33, 450, 0),
(99, '2015-12-16 17:17:47', 33, 600, 0),
(100, '2015-12-17 16:34:24', 34, 150, 2),
(101, '2015-12-17 16:36:12', 34, 100, 2),
(102, '2015-12-17 16:38:37', 34, 100, 2),
(103, '2015-12-17 16:35:12', 35, 100, 2),
(104, '2015-12-17 16:38:27', 35, 100, 2),
(105, '2015-12-17 16:39:50', 35, 0, 3),
(106, '2015-12-17 16:44:42', 36, 300, 2),
(107, '2015-12-17 16:45:51', 36, 450, 0),
(108, '2015-12-17 16:48:10', 36, 400, 1),
(109, '2015-12-17 16:45:20', 37, 200, 0),
(110, '2015-12-17 16:48:23', 37, 450, 0),
(111, '2015-12-17 16:49:35', 37, 0, 3),
(112, '2015-12-17 16:49:53', 38, 200, 0),
(113, '2015-12-17 16:50:23', 38, 450, 0),
(114, '2015-12-17 16:52:44', 38, 200, 4),
(115, '2015-12-17 16:52:07', 39, 200, 0),
(116, '2015-12-17 16:54:23', 39, 450, 0),
(117, '2015-12-17 16:57:35', 39, 200, 2),
(118, '2015-12-17 17:01:54', 40, 150, 2),
(119, '2015-12-17 17:03:16', 40, 200, 0),
(120, '2015-12-17 17:04:43', 40, 200, 0),
(121, '2015-12-17 17:05:12', 41, 200, 0),
(122, '2015-12-17 17:07:01', 41, 300, 2),
(123, '2015-12-17 17:08:24', 41, 300, 2),
(124, '2015-12-17 17:09:43', 42, 200, 0),
(125, '2015-12-17 17:10:18', 42, 150, 2),
(126, '2015-12-17 17:13:33', 42, 200, 0),
(127, '2015-12-17 17:11:12', 43, 100, 2),
(128, '2015-12-17 17:13:00', 43, 200, 0),
(129, '2015-12-17 17:15:14', 43, 450, 0),
(130, '2015-12-17 17:15:14', 44, 200, 0),
(131, '2015-12-17 17:17:13', 44, 450, 0),
(132, '2015-12-17 17:18:31', 44, 0, 3),
(133, '2015-12-18 16:54:14', 47, 200, 0),
(134, '2015-12-18 16:55:25', 47, 450, 0),
(135, '2015-12-18 16:57:41', 47, 400, 1),
(136, '2015-12-18 16:46:20', 46, 200, 0),
(137, '2015-12-18 16:48:06', 46, 450, 0),
(138, '2015-12-18 16:49:17', 46, 400, 1),
(139, '2015-12-18 16:54:14', 48, 200, 0),
(140, '2015-12-18 16:56:46', 48, 450, 0),
(141, '2015-12-18 16:57:02', 48, 200, 2),
(142, '2015-12-18 16:59:01', 50, 450, 0),
(143, '2015-12-18 17:01:48', 50, 400, 1),
(144, '2015-12-18 17:03:25', 50, 400, 1),
(145, '2015-12-18 16:56:27', 49, 200, 0),
(146, '2015-12-18 16:59:37', 49, 450, 0),
(147, '2015-12-18 16:57:54', 49, 600, 0),
(148, '2015-12-18 17:10:31', 53, 450, 0),
(149, '2015-12-18 17:11:02', 53, 400, 1),
(150, '2015-12-18 17:13:29', 53, 400, 1),
(151, '2015-12-24 21:54:36', 45, 600, 0),
(152, '2015-12-24 21:55:13', 45, 400, 1),
(153, '2015-12-24 21:55:35', 45, 400, 1),
(154, '2015-12-18 17:00:18', 51, 200, 0),
(155, '2015-12-18 17:02:10', 51, 300, 2),
(156, '2015-12-18 17:05:46', 51, 450, 0),
(157, '2015-12-18 17:03:26', 52, 200, 0),
(158, '2015-12-18 17:04:53', 52, 450, 0),
(159, '2015-12-18 17:05:21', 52, 400, 1),
(160, '2015-12-18 17:13:26', 54, 200, 0),
(161, '2015-12-18 17:14:09', 54, 450, 0),
(162, '2015-12-18 17:16:23', 54, 200, 2),
(163, '2015-12-18 17:17:26', 55, 450, 0),
(164, '2015-12-18 17:19:43', 55, 600, 0),
(165, '2015-12-18 17:20:05', 55, 600, 0),
(166, '2016-01-21 16:16:42', 56, 100, 2),
(167, '2016-01-21 16:38:18', 56, 200, 0),
(168, '2016-01-21 16:38:32', 56, 0, 3),
(169, '2016-01-22 18:57:24', 57, 200, 0),
(170, '2016-01-22 18:57:46', 57, 300, 2),
(171, '2016-01-22 18:58:01', 57, 450, 0),
(172, '2016-01-22 19:42:56', 58, 0, 3),
(173, '2016-01-22 19:43:32', 58, 0, 3),
(174, '2016-01-22 19:43:38', 58, 0, 3),
(175, '2016-01-22 19:52:35', 59, 0, 3),
(176, '2016-01-22 19:52:45', 59, 100, 2),
(177, '2016-01-22 19:52:53', 59, 0, 3),
(178, '2016-01-22 19:56:12', 60, 0, 3),
(179, '2016-01-22 19:56:22', 60, 100, 2),
(180, '2016-01-22 19:56:30', 60, 0, 3),
(181, '2016-01-22 20:01:01', 61, 0, 3),
(182, '2016-01-22 20:01:09', 61, 100, 2),
(183, '2016-01-22 20:01:17', 61, 0, 3),
(184, '2016-01-22 20:02:14', 62, 0, 3),
(185, '2016-01-22 20:02:21', 62, 0, 3),
(186, '2016-01-22 20:02:32', 62, 0, 3),
(187, '2016-01-22 20:04:49', 63, 0, 3),
(188, '2016-01-22 20:04:56', 63, 0, 3),
(189, '2016-01-22 20:05:01', 63, 0, 3),
(190, '2016-01-22 20:07:58', 64, 0, 0),
(191, '2016-01-27 20:05:06', 65, 0, 0),
(192, '2016-01-27 21:21:16', 66, 0, 3),
(193, '2016-01-27 21:25:06', 66, 0, 3),
(194, '2016-01-27 21:25:13', 66, 0, 3),
(195, '2016-02-26 18:04:20', 67, 100, 2),
(196, '2016-02-26 18:08:35', 67, 0, 3),
(197, '2016-02-26 18:08:40', 67, 0, 3),
(198, '2016-02-27 15:52:56', 69, 0, 0),
(199, '2016-02-27 16:19:19', 70, 0, 3),
(200, '2016-02-27 16:24:15', 70, 0, 3),
(201, '2016-02-27 16:29:13', 70, 0, 0),
(202, '2016-02-27 16:35:25', 71, 0, 0),
(203, '2016-02-27 17:44:03', 72, 100, 2),
(204, '2016-02-27 18:04:18', 73, 0, 3),
(205, '2016-02-27 18:05:51', 73, 0, 0),
(206, '2016-02-27 18:24:44', 74, 200, 0),
(207, '2016-02-27 18:25:27', 74, 300, 2),
(208, '2016-02-27 18:29:32', 75, 100, 2),
(209, '2016-02-27 18:29:48', 75, 0, 3),
(210, '2016-02-27 18:30:03', 75, 200, 0),
(211, '2016-02-27 18:32:57', 76, 200, 0),
(212, '2016-02-27 18:33:14', 76, 300, 2),
(213, '2016-02-27 18:33:29', 76, 450, 0),
(214, '2016-02-27 18:34:37', 77, 200, 0),
(215, '2016-02-27 18:35:03', 77, 450, 0),
(216, '2016-02-27 18:35:35', 77, 400, 1),
(217, '2016-02-27 18:37:09', 78, 0, 3),
(218, '2016-02-27 18:37:15', 78, 100, 2),
(219, '2016-02-27 18:37:34', 78, 100, 2),
(220, '2016-02-27 18:41:18', 79, 450, 0),
(221, '2016-02-27 18:42:17', 79, 400, 1),
(222, '2016-02-27 18:47:54', 79, 600, 0),
(223, '2016-02-27 18:48:24', 80, 450, 0),
(224, '2016-02-27 18:49:49', 80, 600, 0),
(225, '2016-02-27 18:50:10', 80, 400, 1),
(226, '2016-02-27 18:50:41', 81, 600, 0),
(227, '2016-02-27 18:51:32', 81, 0, 3),
(228, '2016-02-27 18:51:39', 81, 150, 2),
(229, '2016-02-27 19:21:21', 82, 450, 0),
(230, '2016-02-27 19:22:25', 82, 0, 0),
(231, '2016-02-27 19:28:35', 83, 0, 3),
(232, '2016-02-27 19:38:27', 83, 0, 3),
(233, '2016-02-27 19:38:32', 83, 0, 3),
(234, '2016-02-27 20:15:21', 84, 450, 0),
(235, '2016-02-27 20:15:49', 84, 600, 0),
(236, '2016-02-27 20:16:17', 84, 600, 0),
(237, '2016-02-27 20:17:21', 85, 400, 1),
(238, '2016-02-27 20:17:55', 85, 400, 1),
(239, '2016-02-27 20:18:12', 85, 400, 1),
(240, '2016-02-27 20:56:08', 86, 0, 3),
(241, '2016-02-27 20:56:21', 86, 0, 0),
(242, '2016-02-27 22:11:50', 87, 0, 3),
(243, '2016-02-27 22:12:02', 87, 0, 0),
(244, '2016-02-27 22:16:40', 88, 0, 3),
(245, '2016-02-27 22:16:49', 88, 0, 0),
(246, '2016-02-27 22:21:57', 89, 0, 3),
(247, '2016-02-27 22:28:06', 89, 100, 2),
(248, '2016-02-27 22:28:32', 89, 0, 3),
(249, '2016-03-02 18:21:55', 90, 0, 3),
(250, '2016-03-02 18:22:19', 90, 200, 0),
(251, '2016-03-02 18:23:08', 90, 450, 0),
(252, '2016-03-02 18:24:05', 91, 200, 0),
(253, '2016-03-02 18:24:56', 91, 0, 0),
(254, '2016-03-03 16:11:46', 92, 0, 0),
(255, '2016-03-03 18:56:42', 93, 100, 2),
(256, '2016-03-03 18:56:52', 93, 0, 3),
(257, '2016-03-03 18:56:57', 93, 100, 2),
(258, '2016-03-10 17:29:53', 94, 0, 0),
(259, '2016-03-13 20:34:14', 95, 100, 2),
(260, '2016-03-13 20:36:59', 95, 200, 0),
(261, '2016-03-13 20:38:31', 95, 150, 2),
(262, '2016-03-13 20:43:18', 96, 0, 0),
(263, '2016-03-13 20:46:41', 97, 0, 0),
(264, '2016-03-13 20:46:52', 98, 0, 3),
(265, '2016-03-13 20:47:56', 98, 200, 0),
(266, '2016-03-13 20:48:09', 98, 450, 0),
(267, '2016-03-13 20:48:40', 99, 0, 3),
(268, '2016-03-13 20:50:39', 99, 0, 3),
(269, '2016-03-13 20:50:44', 99, 0, 3),
(270, '2016-03-13 20:51:06', 99, 0, 3),
(271, '2016-03-13 20:52:01', 99, 0, 3),
(272, '2016-03-13 20:52:51', 100, 0, 3),
(273, '2016-03-13 20:53:34', 100, 0, 3),
(274, '2016-03-13 20:56:03', 100, 0, 3),
(275, '2016-03-13 21:01:05', 101, 0, 3),
(276, '2016-03-13 21:02:34', 101, 0, 3),
(277, '2016-03-13 21:03:52', 101, 0, 3),
(278, '2016-03-13 21:05:18', 102, 0, 0),
(279, '2016-03-13 21:05:44', 103, 0, 3),
(280, '2016-03-13 21:05:59', 103, 0, 3),
(281, '2016-03-13 21:07:30', 103, 0, 3),
(282, '2016-03-13 21:08:15', 104, 0, 3),
(283, '2016-03-13 21:10:57', 104, 0, 3),
(284, '2016-03-13 21:11:12', 104, 0, 3),
(285, '2016-03-13 21:12:11', 105, 0, 3),
(286, '2016-03-13 21:12:21', 105, 0, 3),
(287, '2016-03-13 21:13:06', 105, 0, 3),
(288, '2016-03-13 21:15:15', 106, 0, 3),
(289, '2016-03-13 21:15:48', 106, 0, 3),
(290, '2016-03-13 21:17:21', 106, 0, 3),
(291, '2016-03-13 21:21:54', 107, 0, 0),
(292, '2016-03-13 21:23:17', 108, 0, 0),
(293, '2016-03-13 21:41:29', 109, 0, 0),
(294, '2016-03-13 21:49:38', 110, 0, 0),
(295, '2016-03-13 21:52:51', 111, 0, 0),
(296, '2016-03-13 21:58:21', 112, 0, 0),
(297, '2016-03-13 21:59:01', 113, 0, 0),
(298, '2016-03-13 21:59:47', 114, 0, 0),
(299, '2016-03-13 22:00:29', 115, 0, 0),
(300, '2016-03-13 22:03:53', 116, 0, 0),
(301, '2016-03-13 22:04:30', 117, 0, 0),
(302, '2016-03-13 22:05:49', 118, 0, 0),
(303, '2016-03-13 22:09:04', 119, 0, 0),
(304, '2016-03-13 22:14:53', 120, 0, 0),
(305, '2016-03-14 16:04:51', 121, 0, 0),
(306, '2016-03-14 16:07:19', 122, 0, 0),
(307, '2016-03-14 16:20:56', 123, 0, 0),
(308, '2016-03-14 16:28:54', 124, 0, 0),
(309, '2016-03-14 16:31:32', 125, 0, 0),
(310, '2016-03-14 16:32:49', 126, 0, 0),
(311, '2016-03-14 16:34:36', 127, 0, 0),
(312, '2016-03-14 16:36:49', 128, 0, 0),
(313, '2016-03-14 16:37:23', 129, 0, 0),
(314, '2016-03-14 16:37:52', 130, 0, 0),
(315, '2016-03-14 16:38:43', 131, 0, 0),
(316, '2016-03-14 16:39:50', 132, 0, 0),
(317, '2016-03-14 16:45:06', 133, 0, 0),
(318, '2016-03-14 16:52:35', 134, 0, 0),
(319, '2016-03-14 16:53:08', 135, 0, 0),
(320, '2016-03-14 16:54:36', 136, 0, 0),
(321, '2016-03-14 16:55:03', 137, 0, 0),
(322, '2016-03-14 16:56:12', 138, 0, 0),
(323, '2016-03-14 16:56:47', 139, 0, 0),
(324, '2016-03-14 16:57:40', 140, 0, 0),
(325, '2016-03-14 17:00:21', 141, 0, 0),
(326, '2016-03-14 17:02:36', 142, 0, 0),
(327, '2016-03-14 17:02:58', 143, 0, 0),
(328, '2016-03-14 17:03:38', 144, 0, 0),
(329, '2016-03-14 17:04:03', 145, 0, 0),
(330, '2016-03-14 17:07:25', 146, 0, 0),
(331, '2016-03-14 17:07:52', 147, 0, 0),
(332, '2016-03-14 17:08:58', 148, 0, 0),
(333, '2016-03-14 17:11:19', 149, 0, 0),
(334, '2016-03-14 17:12:30', 150, 0, 0),
(335, '2016-03-14 17:13:10', 151, 0, 0),
(336, '2016-03-14 17:13:38', 152, 200, 0),
(337, '2016-03-14 17:14:01', 152, 0, 0),
(338, '2016-03-14 17:14:55', 153, 0, 3),
(339, '2016-03-14 17:15:31', 153, 0, 3),
(340, '2016-03-14 17:16:59', 153, 0, 3),
(341, '2016-03-14 17:17:41', 154, 0, 3),
(342, '2016-03-14 17:18:09', 154, 0, 3),
(343, '2016-03-14 17:19:09', 154, 0, 3),
(344, '2016-03-14 17:19:35', 155, 0, 3),
(345, '2016-03-14 17:21:29', 155, 0, 3),
(346, '2016-03-14 17:23:24', 155, 0, 3),
(347, '2016-03-14 17:24:16', 156, 0, 3),
(348, '2016-03-14 17:25:04', 156, 0, 3),
(349, '2016-03-14 17:26:10', 156, 0, 3),
(350, '2016-03-14 17:27:02', 157, 0, 3),
(351, '2016-03-14 17:29:02', 157, 0, 3),
(352, '2016-03-14 17:30:32', 157, 0, 3),
(353, '2016-03-14 17:32:11', 158, 0, 3),
(354, '2016-03-14 17:33:22', 158, 0, 3),
(355, '2016-03-14 17:36:02', 158, 0, 3),
(356, '2016-03-14 17:44:44', 159, 0, 3),
(357, '2016-03-14 17:49:49', 159, 0, 3),
(358, '2016-03-14 18:05:24', 159, 0, 0),
(359, '2016-03-14 18:13:38', 160, 0, 0),
(360, '2016-03-14 18:14:33', 161, 0, 0),
(361, '2016-03-14 18:16:48', 162, 0, 0),
(362, '2016-03-14 18:17:41', 163, 0, 0),
(363, '2016-03-14 18:18:21', 164, 0, 0),
(364, '2016-03-14 18:18:50', 165, 0, 3),
(365, '2016-03-14 18:22:08', 165, 200, 0),
(366, '2016-03-14 18:30:43', 165, 0, 1),
(367, '2016-03-14 18:36:29', 166, 0, 3),
(368, '2016-03-14 18:37:25', 166, 200, 0),
(369, '2016-03-14 18:39:51', 166, 450, 0),
(370, '2016-03-14 18:40:35', 167, 200, 0),
(371, '2016-03-14 18:40:57', 167, 450, 0),
(372, '2016-03-14 18:41:17', 167, 400, 1),
(373, '2016-03-14 18:48:09', 168, 0, 3),
(374, '2016-03-14 18:48:34', 168, 0, 3),
(375, '2016-03-14 18:48:46', 168, 0, 3),
(376, '2016-03-14 18:49:01', 169, 0, 3),
(377, '2016-03-14 18:50:22', 169, 0, 3),
(378, '2016-03-14 18:50:33', 169, 0, 3),
(379, '2016-03-14 19:00:03', 170, 0, 3),
(380, '2016-03-14 19:00:27', 170, 0, 3),
(381, '2016-03-14 19:00:42', 170, 0, 3),
(382, '2016-03-14 19:01:00', 171, 200, 0),
(383, '2016-03-14 19:01:28', 171, 450, 0),
(384, '2016-03-14 19:01:44', 171, 400, 1),
(385, '2016-03-14 19:02:41', 172, 0, 0),
(386, '2016-03-14 19:05:17', 173, 450, 0),
(387, '2016-03-14 19:05:51', 173, 600, 0),
(388, '2016-03-14 19:06:12', 173, 400, 1),
(389, '2016-03-14 19:07:45', 174, 0, 3),
(390, '2016-03-14 19:12:21', 174, 0, 0),
(391, '2016-03-14 19:17:53', 175, 0, 0),
(392, '2016-03-14 19:25:33', 176, 0, 0),
(393, '2016-03-15 15:38:40', 177, 0, 3),
(394, '2016-03-15 15:40:39', 177, 0, 3),
(395, '2016-03-15 15:40:58', 177, 0, 3),
(396, '2016-03-17 19:52:25', 178, 0, 0),
(397, '2016-03-18 03:20:49', 179, 0, 3),
(398, '2016-03-18 03:56:45', 179, 200, 0),
(399, '2016-03-18 03:57:08', 179, 0, 3),
(400, '2016-03-18 04:17:46', 180, 200, 0),
(401, '2016-03-18 04:18:07', 180, 450, 0),
(402, '2016-03-18 04:22:24', 180, 450, 0);

--
-- Disparadores `preguntaentrenar`
--
DROP TRIGGER IF EXISTS `trggBeforeInsertPreguntaentrenar`;
DELIMITER //
CREATE TRIGGER `trggBeforeInsertPreguntaentrenar` BEFORE INSERT ON `preguntaentrenar`
 FOR EACH ROW begin
set @ultimoCodigo=(select max(idInt) from preguntaentrenar);
if @ultimoCodigo is null then
	set @ultimoCodigo=0;
end if;
set @codigo=(@ultimoCodigo)+1;
set NEW.idInt=(select @codigo);
end
//
DELIMITER ;

-- --------------------------------------------------------

--
-- Estructura de tabla para la tabla `preg_conc`
--

CREATE TABLE IF NOT EXISTS `preg_conc` (
  `idPregConc` int(11) NOT NULL,
  `pregunta` int(11) NOT NULL,
  `concepto` int(11) NOT NULL,
  PRIMARY KEY (`idPregConc`),
  KEY `pregunta` (`pregunta`),
  KEY `concepto` (`concepto`)
) ENGINE=InnoDB DEFAULT CHARSET=latin1;

--
-- Disparadores `preg_conc`
--
DROP TRIGGER IF EXISTS `trggBeforeInsertPregConc`;
DELIMITER //
CREATE TRIGGER `trggBeforeInsertPregConc` BEFORE INSERT ON `preg_conc`
 FOR EACH ROW begin
set @ultimoCodigo=(select max(idPregConc) from preg_conc);
if @ultimoCodigo is null then
	set @ultimoCodigo=0;
end if;
set @codigo=(@ultimoCodigo)+1;
set NEW.idPregConc=(select @codigo);
end
//
DELIMITER ;

-- --------------------------------------------------------

--
-- Estructura de tabla para la tabla `resultado`
--

CREATE TABLE IF NOT EXISTS `resultado` (
  `idResultado` int(11) NOT NULL,
  `estResultado` int(11) NOT NULL,
  `conceptoResul` int(11) NOT NULL,
  `valor` double NOT NULL,
  PRIMARY KEY (`idResultado`),
  KEY `idEst` (`estResultado`),
  KEY `estResultado` (`estResultado`),
  KEY `conceptoResul` (`conceptoResul`)
) ENGINE=InnoDB DEFAULT CHARSET=latin1;

--
-- Volcado de datos para la tabla `resultado`
--

INSERT INTO `resultado` (`idResultado`, `estResultado`, `conceptoResul`, `valor`) VALUES
(1, 3, 1, 0.05),
(2, 3, 4, 0.05),
(3, 3, 5, 0.05),
(4, 4, 1, 0.05),
(5, 4, 4, 0.05),
(6, 4, 5, 0.05),
(7, 5, 1, 0.05),
(8, 5, 4, 0.05),
(9, 5, 5, 0.05),
(10, 6, 1, 0.05),
(11, 6, 4, 0.05),
(12, 6, 5, 0.05),
(13, 7, 1, 0.05),
(14, 7, 4, 0.05),
(15, 7, 5, 0.05),
(16, 12, 1, 0.05),
(17, 12, 4, 0.05),
(18, 12, 5, 0.05),
(19, 13, 1, 0.05),
(20, 13, 4, 0.05),
(21, 13, 5, 0.05);

--
-- Disparadores `resultado`
--
DROP TRIGGER IF EXISTS `trggBeforeInsertResultado`;
DELIMITER //
CREATE TRIGGER `trggBeforeInsertResultado` BEFORE INSERT ON `resultado`
 FOR EACH ROW begin
set @ultimoCodigo=(select max(idResultado) from resultado);
if @ultimoCodigo is null then
	set @ultimoCodigo=0;
end if;
set @codigo=(@ultimoCodigo)+1;
set NEW.idResultado=(select @codigo);
end
//
DELIMITER ;

-- --------------------------------------------------------

--
-- Estructura de tabla para la tabla `rol`
--

CREATE TABLE IF NOT EXISTS `rol` (
  `tipo` varchar(20) NOT NULL,
  `descripcion` varchar(100) DEFAULT NULL,
  PRIMARY KEY (`tipo`)
) ENGINE=InnoDB DEFAULT CHARSET=latin1;

--
-- Volcado de datos para la tabla `rol`
--

INSERT INTO `rol` (`tipo`, `descripcion`) VALUES
('Administrador', NULL),
('Estudiante', NULL);

-- --------------------------------------------------------

--
-- Estructura de tabla para la tabla `tema`
--

CREATE TABLE IF NOT EXISTS `tema` (
  `idTema` int(11) NOT NULL,
  `nombre` varchar(40) NOT NULL,
  `vocabulario` varchar(100) NOT NULL,
  `temUnidEnsen` int(11) NOT NULL,
  `objetivo` varchar(100) DEFAULT NULL,
  `dominio` varchar(100) DEFAULT NULL,
  `imgTema` varchar(150) NOT NULL,
  `estado` tinyint(1) NOT NULL,
  PRIMARY KEY (`idTema`),
  KEY `id` (`temUnidEnsen`)
) ENGINE=InnoDB DEFAULT CHARSET=latin1;

--
-- Volcado de datos para la tabla `tema`
--

INSERT INTO `tema` (`idTema`, `nombre`, `vocabulario`, `temUnidEnsen`, `objetivo`, `dominio`, `imgTema`, `estado`) VALUES
(2, 'Back to school', 'board, chair, board', 1, 'identicar onjetos de escuela', 'conociento del entorno', '1regresoClass.jpg', 1),
(3, 'food and Meals', 'fish, meat, cereal, cheese', 1, 'identificae comidas', 'conocimento d muldo y ambiente', '2foodMeal.jpg', 1),
(4, 'Home sweet home', 'mother, father, car, train,etc', 1, 'idnetificar objetos del hogar', 'conocimiento de su alrededor', '3homeSweet.jpg', 1),
(5, 'Taking Care of my Body', 'head, shoulder, knee, toes, leg,ect', 1, 'identificar partes del cuerpo', 'conocimiento social y personal', '4takingCare.jpg', 1),
(6, 'The Farm', 'pig, horse, goal,sheep,ect', 1, 'identificar objetos de una granja', 'conocimetnos del entorno', '5the farm.jpg', 1),
(7, 'family', 'familia', 6, '', '', '10friend.jpg', 1),
(8, 'Numbers', 'Número', 3, 'numero comprendidos entre 1-10', 'matematicas', 'Error.jpg', 1),
(9, 'Colors', 'Colores', 3, 'aprender los diferentes colores', 'Dominio General', '26ColorRed.jpg', 1),
(10, 'shape', 'Forma', 3, 'conocer las diferentes formas', 'matematicas', '5table.jpg', 1),
(11, 'colors', 'cc', 6, '', '', 'Excelente.jpg', 0),
(12, 'Back to School', 'board, chair,board', 5, 'Identificar objetos de la escuela , colores, figuras, ', 'conocimiento del entorno', '1regresoClass.png', 0);

--
-- Disparadores `tema`
--
DROP TRIGGER IF EXISTS `trggBeforeInsertTema`;
DELIMITER //
CREATE TRIGGER `trggBeforeInsertTema` BEFORE INSERT ON `tema`
 FOR EACH ROW begin
set @ultimoCodigo=(select max(idTema) from tema);
if @ultimoCodigo is null then
	set @ultimoCodigo=0;
end if;
set @codigo=(@ultimoCodigo)+1;
set NEW.idTema=(select @codigo);
end
//
DELIMITER ;

-- --------------------------------------------------------

--
-- Estructura de tabla para la tabla `unidadensenianza`
--

CREATE TABLE IF NOT EXISTS `unidadensenianza` (
  `id` int(11) NOT NULL,
  `nombreUnidad` varchar(40) NOT NULL,
  `adminUnidEnsen` int(11) NOT NULL,
  `estado` tinyint(1) NOT NULL,
  PRIMARY KEY (`id`),
  KEY `idAdmin` (`adminUnidEnsen`)
) ENGINE=InnoDB DEFAULT CHARSET=latin1;

--
-- Volcado de datos para la tabla `unidadensenianza`
--

INSERT INTO `unidadensenianza` (`id`, `nombreUnidad`, `adminUnidEnsen`, `estado`) VALUES
(1, 'Basic Unit (Top Tip 2)', 2, 1),
(3, 'Unit One', 2, 0),
(5, 'Unit Two', 2, 1),
(6, 'Unit Three', 2, 1),
(7, 'Unit four', 2, 0),
(8, 'Unit four', 2, 0);

--
-- Disparadores `unidadensenianza`
--
DROP TRIGGER IF EXISTS `trggBeforeInsertUnidadE`;
DELIMITER //
CREATE TRIGGER `trggBeforeInsertUnidadE` BEFORE INSERT ON `unidadensenianza`
 FOR EACH ROW begin
set @ultimoCodigo=(select max(id) from unidadensenianza);
if @ultimoCodigo is null then
	set @ultimoCodigo=0;
end if;
set @codigo=(@ultimoCodigo)+1;
set NEW.id=(select @codigo);
end
//
DELIMITER ;

-- --------------------------------------------------------

--
-- Estructura de tabla para la tabla `usuario`
--

CREATE TABLE IF NOT EXISTS `usuario` (
  `idUsuario` int(11) NOT NULL,
  `nombre` varchar(30) NOT NULL,
  `apellido` varchar(30) NOT NULL,
  `fechaNacimiento` date NOT NULL,
  `genero` tinyint(1) NOT NULL,
  `username` varchar(25) NOT NULL,
  `password` varchar(200) NOT NULL,
  `estado` tinyint(1) NOT NULL,
  `rolUsuario` varchar(20) NOT NULL,
  PRIMARY KEY (`idUsuario`),
  KEY `tipo` (`rolUsuario`)
) ENGINE=InnoDB DEFAULT CHARSET=latin1;

--
-- Volcado de datos para la tabla `usuario`
--

INSERT INTO `usuario` (`idUsuario`, `nombre`, `apellido`, `fechaNacimiento`, `genero`, `username`, `password`, `estado`, `rolUsuario`) VALUES
(1, 'Katherine', 'Ramon', '1992-11-04', 0, 'kiramonc', '192855c961bfb7184d5dabb6b371bcc49d304f966de0429dfacc5af4a830a38ab8fc6f731dd1a66edf1904ec09548079a981da755b6da00a41e8ef7a6f1f852c', 1, 'Administrador'),
(2, 'Silvia P', 'Vacacela', '2015-07-10', 0, 'spvacacelas', '049e5c9c0226b82ab6c9f3a130d02a72ba6da38cffd442b42cab3d3b94452885f633fa5b6b60b079a8e8a82f8f448af85c1c043d18abdbf8469258aa62477a2a', 1, 'Administrador'),
(3, 'Rosmery ', 'Anahi', '2015-07-05', 0, 'rosmery', 'c32ee455f6df75c05c88172c8810649ffda5ee19692bc1396d744bf5a306dd757f20e52e5958b3c9bd27c6d6057f6dfe9b8b072f4bc529a5b472187ff3ad8525', 1, 'Estudiante'),
(5, 'roberto', 'jacome', '2015-07-14', 1, 'roberto', '9f3d2d9e76ce4013d97a5f8d4fbacd4cd25649b65853fb35b0561a1b3e02c6e4a8d9fba76766f003631477c696f26e00206bcf8e6b1d051175cfffb2a9f723a7', 0, 'Administrador'),
(6, 'mario', 'palma', '2015-07-14', 1, 'mario', '76bb849338db38e0ede3b8ae726373c42992152747c39e484f096b623946c8a265adde3a72c8177a70a8876694b9403f06d44decfcfe44be25f1078be0282239', 1, 'Administrador'),
(8, 'Saywa', 'Cartuche', '2015-12-01', 0, 'usuario1', '3627909a29c31381a071ec27f7c9ca97726182aed29a7ddd2e54353322cfb30abb9e3a6df2ac2c20fe23436311d678564d0c8d305930575f60e2d3d048184d79', 1, 'Estudiante'),
(9, 'youry yupanky', 'usuario2', '2015-12-08', 1, 'usuario2', '3627909a29c31381a071ec27f7c9ca97726182aed29a7ddd2e54353322cfb30abb9e3a6df2ac2c20fe23436311d678564d0c8d305930575f60e2d3d048184d79', 1, 'Estudiante'),
(10, 'Angela liseth', 'Contento', '2015-12-10', 1, 'usuario3', '3627909a29c31381a071ec27f7c9ca97726182aed29a7ddd2e54353322cfb30abb9e3a6df2ac2c20fe23436311d678564d0c8d305930575f60e2d3d048184d79', 1, 'Estudiante'),
(11, 'Santiago ', 'Vacacela', '2015-12-08', 1, 'usuario4', '3627909a29c31381a071ec27f7c9ca97726182aed29a7ddd2e54353322cfb30abb9e3a6df2ac2c20fe23436311d678564d0c8d305930575f60e2d3d048184d79', 1, 'Estudiante'),
(12, 'Katia Nayelly', 'Macas', '2015-11-02', 1, 'usuario5', '3627909a29c31381a071ec27f7c9ca97726182aed29a7ddd2e54353322cfb30abb9e3a6df2ac2c20fe23436311d678564d0c8d305930575f60e2d3d048184d79', 1, 'Estudiante'),
(13, 'Amelie', 'Japon', '2015-12-02', 1, 'usuario6', '3627909a29c31381a071ec27f7c9ca97726182aed29a7ddd2e54353322cfb30abb9e3a6df2ac2c20fe23436311d678564d0c8d305930575f60e2d3d048184d79', 1, 'Estudiante'),
(14, 'usuario7', 'usuario7', '2015-12-01', 1, 'usuario7', '3627909a29c31381a071ec27f7c9ca97726182aed29a7ddd2e54353322cfb30abb9e3a6df2ac2c20fe23436311d678564d0c8d305930575f60e2d3d048184d79', 0, 'Estudiante'),
(15, 'Verenice', 'Minga', '2015-12-02', 1, 'usuario8', '3627909a29c31381a071ec27f7c9ca97726182aed29a7ddd2e54353322cfb30abb9e3a6df2ac2c20fe23436311d678564d0c8d305930575f60e2d3d048184d79', 0, 'Estudiante'),
(16, 'usuario9', 'usuario9', '2015-12-02', 1, 'usuario9', '3627909a29c31381a071ec27f7c9ca97726182aed29a7ddd2e54353322cfb30abb9e3a6df2ac2c20fe23436311d678564d0c8d305930575f60e2d3d048184d79', 1, 'Estudiante'),
(17, 'Amy Marisol', 'Tene', '2009-11-14', 0, 'usuario10', '3627909a29c31381a071ec27f7c9ca97726182aed29a7ddd2e54353322cfb30abb9e3a6df2ac2c20fe23436311d678564d0c8d305930575f60e2d3d048184d79', 0, 'Estudiante'),
(18, 'Sandra Paola', 'Quizhpe', '2005-06-23', 0, 'usuario11', '3627909a29c31381a071ec27f7c9ca97726182aed29a7ddd2e54353322cfb30abb9e3a6df2ac2c20fe23436311d678564d0c8d305930575f60e2d3d048184d79', 0, 'Estudiante'),
(19, 'juan', 'carpio', '2016-03-01', 1, 'juancg', 'acc28db2beb7b42baa1cb0243d401ccb4e3fce44d7b02879a52799aadff541522d8822598b2fa664f9d5156c00c924805d75c3868bd56c2acb81d37e98e35adc', 0, 'Estudiante'),
(20, 'diana ', 'Vacacela', '2016-03-01', 1, 'dianasV', '3627909a29c31381a071ec27f7c9ca97726182aed29a7ddd2e54353322cfb30abb9e3a6df2ac2c20fe23436311d678564d0c8d305930575f60e2d3d048184d79', 1, 'Estudiante'),
(21, 'maria', 'González', '2016-03-01', 0, 'mariag', '067525f9eb7fa5fa3a2ffb57fcce1ff984fb21df898ba269c6e1d35862b5f4d74271b9d048af6c3b405180f469548a9af9f2845226f669c6b19c90fdd7464508', 1, 'Administrador'),
(22, 'jessica', 'medina', '2016-03-01', 0, 'jessicam', '45d06b7db0e2aacb5fbec0753afa8165061f59a8906a2d671dc3e279de78ee2970da2c31828abd7e27082cc0bba87f9bbfdb4190c24818b485bc487893f5ea58', 1, 'Estudiante'),
(23, 'paulina', 'Gualan', '2016-03-01', 1, 'paulina', '3627909a29c31381a071ec27f7c9ca97726182aed29a7ddd2e54353322cfb30abb9e3a6df2ac2c20fe23436311d678564d0c8d305930575f60e2d3d048184d79', 1, 'Administrador');

--
-- Disparadores `usuario`
--
DROP TRIGGER IF EXISTS `trggBeforeInsertUsuario`;
DELIMITER //
CREATE TRIGGER `trggBeforeInsertUsuario` BEFORE INSERT ON `usuario`
 FOR EACH ROW begin
set @ultimoCodigo=(select max(idUsuario) from Usuario);
if @ultimoCodigo is null then
	set @ultimoCodigo=0;
end if;
set @codigo=(@ultimoCodigo)+1;
set NEW.idUsuario=(select @codigo);
end
//
DELIMITER ;

--
-- Restricciones para tablas volcadas
--

--
-- Filtros para la tabla `administrador`
--
ALTER TABLE `administrador`
  ADD CONSTRAINT `administrador_ibfk_1` FOREIGN KEY (`usuarioAdmin`) REFERENCES `usuario` (`idUsuario`) ON DELETE CASCADE ON UPDATE CASCADE;

--
-- Filtros para la tabla `concepto`
--
ALTER TABLE `concepto`
  ADD CONSTRAINT `concepto_ibfk_1` FOREIGN KEY (`tema`) REFERENCES `tema` (`idTema`) ON DELETE CASCADE ON UPDATE CASCADE;

--
-- Filtros para la tabla `entrenamiento`
--
ALTER TABLE `entrenamiento`
  ADD CONSTRAINT `entrenamiento_ibfk_1` FOREIGN KEY (`idestudiante`) REFERENCES `estudiante` (`idEst`) ON DELETE NO ACTION ON UPDATE NO ACTION,
  ADD CONSTRAINT `entrenamiento_ibfk_2` FOREIGN KEY (`idtema`) REFERENCES `tema` (`idTema`) ON DELETE NO ACTION ON UPDATE NO ACTION;

--
-- Filtros para la tabla `estudiante`
--
ALTER TABLE `estudiante`
  ADD CONSTRAINT `estudiante_ibfk_1` FOREIGN KEY (`usuarioEst`) REFERENCES `usuario` (`idUsuario`) ON DELETE CASCADE ON UPDATE CASCADE,
  ADD CONSTRAINT `estudiante_ibfk_2` FOREIGN KEY (`estUnidEnsen`) REFERENCES `unidadensenianza` (`id`) ON DELETE CASCADE ON UPDATE CASCADE;

--
-- Filtros para la tabla `ficha`
--
ALTER TABLE `ficha`
  ADD CONSTRAINT `ficha_ibfk_1` FOREIGN KEY (`temaFicha`) REFERENCES `tema` (`idTema`) ON DELETE CASCADE ON UPDATE CASCADE;

--
-- Filtros para la tabla `fichaspregunta`
--
ALTER TABLE `fichaspregunta`
  ADD CONSTRAINT `fichaspregunta_ibfk_1` FOREIGN KEY (`ficha`) REFERENCES `ficha` (`idFicha`) ON DELETE CASCADE ON UPDATE CASCADE,
  ADD CONSTRAINT `fichaspregunta_ibfk_2` FOREIGN KEY (`pregunta`) REFERENCES `preguntaentrenar` (`idInt`) ON DELETE CASCADE ON UPDATE CASCADE;

--
-- Filtros para la tabla `item`
--
ALTER TABLE `item`
  ADD CONSTRAINT `item_ibfk_1` FOREIGN KEY (`preguntaItem`) REFERENCES `pregunta` (`idPregunta`) ON DELETE CASCADE ON UPDATE CASCADE;

--
-- Filtros para la tabla `preguntaentrenar`
--
ALTER TABLE `preguntaentrenar`
  ADD CONSTRAINT `preguntaentrenar_ibfk_1` FOREIGN KEY (`identrenar`) REFERENCES `entrenamiento` (`idEntrena`) ON DELETE CASCADE ON UPDATE CASCADE;

--
-- Filtros para la tabla `preg_conc`
--
ALTER TABLE `preg_conc`
  ADD CONSTRAINT `preg_conc_ibfk_1` FOREIGN KEY (`pregunta`) REFERENCES `pregunta` (`idPregunta`) ON DELETE CASCADE ON UPDATE CASCADE,
  ADD CONSTRAINT `preg_conc_ibfk_2` FOREIGN KEY (`concepto`) REFERENCES `concepto` (`idConcepto`) ON DELETE CASCADE ON UPDATE CASCADE;

--
-- Filtros para la tabla `resultado`
--
ALTER TABLE `resultado`
  ADD CONSTRAINT `resultado_ibfk_1` FOREIGN KEY (`estResultado`) REFERENCES `estudiante` (`idEst`) ON DELETE CASCADE ON UPDATE CASCADE,
  ADD CONSTRAINT `resultado_ibfk_2` FOREIGN KEY (`conceptoResul`) REFERENCES `concepto` (`idConcepto`) ON DELETE CASCADE ON UPDATE CASCADE;

--
-- Filtros para la tabla `tema`
--
ALTER TABLE `tema`
  ADD CONSTRAINT `tema_ibfk_1` FOREIGN KEY (`temUnidEnsen`) REFERENCES `unidadensenianza` (`id`) ON DELETE CASCADE ON UPDATE CASCADE;

--
-- Filtros para la tabla `unidadensenianza`
--
ALTER TABLE `unidadensenianza`
  ADD CONSTRAINT `unidadensenianza_ibfk_1` FOREIGN KEY (`adminUnidEnsen`) REFERENCES `administrador` (`idAdmin`) ON DELETE CASCADE ON UPDATE CASCADE;

--
-- Filtros para la tabla `usuario`
--
ALTER TABLE `usuario`
  ADD CONSTRAINT `usuario_ibfk_1` FOREIGN KEY (`rolUsuario`) REFERENCES `rol` (`tipo`) ON DELETE CASCADE ON UPDATE CASCADE;

/*!40101 SET CHARACTER_SET_CLIENT=@OLD_CHARACTER_SET_CLIENT */;
/*!40101 SET CHARACTER_SET_RESULTS=@OLD_CHARACTER_SET_RESULTS */;
/*!40101 SET COLLATION_CONNECTION=@OLD_COLLATION_CONNECTION */;
